"_id","title","main_title","year","format","barcode","category","cast","image_url","cover_source","notes"
"5edfc5d77f2faa10180688e4","John Wick: Chapter 3 - Parabellum","John Wick: Chapter 3 - Parabellum","","","5055761913927","Uncategorized","[]","https://stiletto.ddns.net/MagnoliumApiCore/api/discs/covers/5055761913927.png?v=1789495119","manual",""
"5edfc5d87f2faa10180688e5","Princess & The Pirate","Princess & The Pirate","","","026359066627","Uncategorized","[]","https://stiletto.ddns.net/MagnoliumApiCore/api/discs/covers/026359066627.png?v=1789496156","manual",""
"5edfc5dd7f2faa10180688e6","Terminator Dark Fate","Terminator Dark Fate","","","5039036095242","Uncategorized","[]","https://stiletto.ddns.net/MagnoliumApiCore/api/discs/covers/5039036095242.png?v=1789496228","manual",""
"5edfc5e37f2faa10180688e7","Silent Running","Silent Running","","","5060000700381","Uncategorized","[]","https://stiletto.ddns.net/MagnoliumApiCore/api/discs/covers/5060000700381.png?v=1789496284","manual",""
"5edfc6197f2faa10180688e9","Watchmen","Watchmen","","","5053083201906","Uncategorized","[]","https://stiletto.ddns.net/MagnoliumApiCore/api/discs/covers/5053083201906.png?v=1789496362","manual",""
"5edfc7787f2faa10180688ea","Greatest Showman, The Bd+dhd (uk Import) Blu-ray ","Greatest Showman, The Bd+dhd","","BLURAY","5039036082853","Uncategorized","[]","https://stiletto.ddns.net/MagnoliumApiCore/api/discs/covers/5039036082853.png?v=1789496399","manual",""
"5edfc7867f2faa10180688eb","New Year's Eve","New Year's Eve","","","5051892074414","Uncategorized","[]","https://stiletto.ddns.net/MagnoliumApiCore/api/discs/covers/5051892074414.png?v=1789496984","manual",""
"5edfc78a7f2faa10180688ec","Lady In The Van","Lady In The Van","","","5050629995138","Uncategorized","[]","https://stiletto.ddns.net/MagnoliumApiCore/api/discs/covers/5050629995138.png?v=1789497046","manual",""
"5edfc78e7f2faa10180688ed","The Vow Dvd - Dvd - ","The Vow","","","EAN 5051159163059","","","https://i.ebayimg.com/images/i/383536687248-0-1/s-l1600.jpg","",""
"5edfc7927f2faa10180688ee","Eat Pray Love Blu-ra - Id54z - Blu-ray - ","Eat Pray Love Blu-ra - Id54z","","BLURAY","EAN 5050629922837","","","https://i.ebayimg.com/images/i/372992669517-0-1/s-l1600.jpg","",""
"5edfc7a27f2faa10180688ef","The Hunger Games: Mockingjay Part 2 [blu-ray] [2015] By Jennifer Lawrence,jos. ","The Hunger Games: Mockingjay Part 2 By Jennifer Lawrence,jos.","2015","BLURAY","EAN 5055761906875","","","https://i.ebayimg.com/images/i/123746799093-0-1/s-l1600.jpg","",""
"5edfc7a87f2faa10180688f0","The Hunger Games: Catching Fire - 2013 Sci-fi (new/sealed Region B Blu-ray/dvd) ","The Hunger Games: Catching Fire - Sci-fi","2013","BLURAY","EAN 5055761901153","","","https://i.ebayimg.com/images/i/264754754255-0-1/s-l1600.jpg","",""
"5edfc7ae7f2faa10180688f1","The Hunger Games Blu Ray 2 Disc Edition ","The Hunger Games 2 Disc Edition","","BLURAY","EAN 5060223767291","","","https://i.ebayimg.com/images/i/283866118806-0-1/s-l1600.jpg","",""
"5edfc7c47f2faa10180688f2","The Bourne Ultimatum (2007) - Blu Ray - Matt Damon - Universal ","The Bourne Ultimatum - Matt Damon - Universal","2007","BLURAY","EAN 5050582597325","","","https://i.ebayimg.com/images/i/114248307768-0-1/s-l1600.jpg","",""
"5edfc7cc7f2faa10180688f4","Bourne Supremacy - Blu-ray - ","Bourne Supremacy","","BLURAY","EAN 5050582597318","","","https://i.ebayimg.com/images/i/324184949121-0-1/s-l1600.jpg","",""
"5edfc7dc7f2faa10180688f5","Jason Bourne - Blu-ray - ","Jason Bourne","","BLURAY","EAN 5053083083991","","","https://i.ebayimg.com/images/i/324184948102-0-1/s-l1600.jpg","",""
"5edfc7e27f2faa10180688f6","The Bourne Legacy Bl - Blu-ray - ","The Bourne Legacy Bl","","BLURAY","EAN 5050582914016","","","https://i.ebayimg.com/images/i/373070958036-0-1/s-l1600.jpg","",""
"5edfc7ed7f2faa10180688f7","X Men Dark Phoenix (uk Import) Dvd [region 2] ","X Men Dark Phoenix","","","EAN 5039036093088","","","https://i.ebayimg.com/images/i/114244662759-0-1/s-l1600.jpg","",""
"5edfc7f77f2faa10180688f8","Joker","Joker","","","5051892225564","Uncategorized","[]","https://stiletto.ddns.net/MagnoliumApiCore/api/discs/covers/5051892225564.png?v=1789493426","manual",""
"5edfc7fd7f2faa10180688f9","X-men: Dark Phoenix","X-men: Dark Phoenix","","","5039036093071","Uncategorized","[]","https://i.ebayimg.com/images/i/283850825328-0-1/s-l1600.jpg","",""
"5edfc8077f2faa10180688fa","Che Parts One And T - Blu-ray - ","Che Parts One And T","","BLURAY","5055201807151","Uncategorized","[]","https://s4.thcdn.com/productimg/0/960/960/11/10032811-1403606577-302006.jpg","upcitemdb",""
"5edfc80c7f2faa10180688fb","Black Swan [blu-ray] By Natalie Portman,mila Kunis. ","Black Swan By Natalie Portman,mila Kunis.","","BLURAY","EAN 5039036047104","","","https://i.ebayimg.com/images/i/362837527658-0-1/s-l1600.jpg","",""
"5edfc8117f2faa10180688fc","Mechanic: Resurrection","Mechanic: Resurrection","","","5055761908596","Uncategorized","[]","https://stiletto.ddns.net/MagnoliumApiCore/api/discs/covers/5055761908596.png?v=1789497277","manual",""
"5edfc8177f2faa10180688fd","Devil","Devil","","","5050582813258","Uncategorized","[]","https://stiletto.ddns.net/MagnoliumApiCore/api/discs/covers/5050582813258.png?v=1789497532","manual",""
"5edfc81b7f2faa10180688fe","Fantastic Beasts And - Blu-ray - ","Fantastic Beasts And","","BLURAY","5051892204125","Uncategorized","[]","https://s4.thcdn.com/productimg/960/960/11380354-7014457346317766.jpg","upcitemdb",""
"5edfc82d7f2faa10180688ff","Toy Story 2","Toy Story 2","","","8717418248055","Uncategorized","[]","https://stiletto.ddns.net/MagnoliumApiCore/api/discs/covers/8717418248055.png?v=1789497560","manual",""
"5edfc8357f2faa1018068900","Bee Movie","Bee Movie","","","5051189135231","Uncategorized","[]","https://stiletto.ddns.net/MagnoliumApiCore/api/discs/covers/5051189135231.png?v=1789497591","manual",""
"5edfc8397f2faa1018068901","Happy Feet 2 (uk Import) Dvd ","Happy Feet 2","","","5051892074339","Uncategorized","[]","https://stiletto.ddns.net/MagnoliumApiCore/api/discs/covers/5051892074339.png?v=1789497147","manual",""
"5edfc83d7f2faa1018068902","Olaf's Frozen Adventure","Olaf's Frozen Adventure","","","8717418520991","Uncategorized","[]","https://stiletto.ddns.net/MagnoliumApiCore/api/discs/covers/8717418520991.png?v=1789497209","manual",""
"5edfc8417f2faa1018068903","Time Bandits","Time Bandits","","","5027035010076","Uncategorized","[]","https://stiletto.ddns.net/MagnoliumApiCore/api/discs/covers/5027035010076.png?v=1789497628","manual",""
"5edfc8537f2faa1018068904","World's End","World's End","","","5050582960938","Uncategorized","[]","https://stiletto.ddns.net/MagnoliumApiCore/api/discs/covers/5050582960938.png?v=1789497653","manual",""
"5edfc8597f2faa1018068905","Billy Connolly High - 8309212 - Dvd ","Billy Connolly High - 8309212","","","EAN 5053083092122","","","https://i.ebayimg.com/images/i/373075357830-0-1/s-l1600.jpg","",""
"5edfc85f7f2faa1018068906","Don't Be A Menace To - Mirlgd94463 - Dvd ","Don't Be A Menace To - Mirlgd94463","","","EAN 5060223761800","","","https://i.ebayimg.com/images/i/383576989578-0-1/s-l1600.jpg","",""
"5edfc8637f2faa1018068907","Absolutely Fabulous - Blu-ray - ","Absolutely Fabulous","","BLURAY","EAN 5039036077866","","","https://i.ebayimg.com/images/i/383571028784-0-1/s-l1600.jpg","",""
"5edfc8697f2faa1018068908","Robert Hays-airplane (uk Import) Dvd [region 2] ","Robert Hays-airplane","","","EAN 5014437804631","","","https://i.ebayimg.com/images/i/362965888459-0-1/s-l1600.jpg","",""
"5edfc8747f2faa1018068909","Ted - Blu-ray - ","Ted","","BLURAY","EAN 5050582911091","","","https://i.ebayimg.com/images/i/373070998584-0-1/s-l1600.jpg","",""
"5edfc87b7f2faa101806890a","Minions - Blu-ray - ","Minions","","BLURAY","EAN 5053083046941","","","https://i.ebayimg.com/images/i/324184948372-0-1/s-l1600.jpg","",""
"5edfc8817f2faa101806890b","Family Guy Somethin - Dvd - ","Family Guy Somethin","","","EAN 5039036042178","","","https://i.ebayimg.com/images/i/373070958172-0-1/s-l1600.jpg","",""
"5edfc8d27f2faa101806890c","Dance Flick [dvd] By Shoshana Bush,essence Atkins,rick Alvarez,keenen Ivory W. ","Dance Flick By Shoshana Bush,essence Atkins,rick Alvarez,keenen Ivory W.","","","EAN 5014437107732","","","https://i.ebayimg.com/images/i/383004061717-0-1/s-l1600.jpg","",""
"5edfc90d7f2faa101806890d","Alfred Hitchcock - The Masterpiece Collection - 14-Disc Box Set ( The Birds / Fa ","Alfred Hitchcock - The Masterpiece Collection - 14-Disc Box Set","","","EAN 5050582912807","","","https://i5.walmartimages.com/asr/204caf13-64ff-4c07-aee4-00f7f0767f19_1.e08bd07bc1145cdc647032085271498d.jpeg?odnHeight=450&odnWidth=450&odnBg=ffffff","",""
"5edfc92c7f2faa101806890e","Dexter - Seasons 1-5 Complete [dvd] By Michael C. Hall,jennifer Carpenter. ","Dexter - Seasons 1-5 Complete By Michael C. Hall,jennifer Carpenter.","","","EAN 5014437149534","","","https://i.ebayimg.com/images/i/383204402581-0-1/s-l1600.jpg","",""
"5edfc93a7f2faa101806890f","The Sopranos Series 1 To 6 Complete Collection <region 2 Dvd, Sealed> ","The Sopranos Series 1 To 6 Complete Collection","","","EAN 5051892007290","","","https://i.ebayimg.com/images/i/373057607124-0-1/s-l1600.jpg","",""
"5edfc9427f2faa1018068910","Sons Of Anarchy (region 2) - Dvd - - Free Shipping. ","Sons Of Anarchy - Free Shipping.","","","EAN 5039036044691","","","https://i.ebayimg.com/images/i/163303182414-0-1/s-l1600.jpg","",""
"5edfc9577f2faa1018068911","24 - Redemption Dvd - 3933801000 - Dvd ","24 - Redemption - 3933801000","","","EAN 5039036038829","","","https://i.ebayimg.com/images/i/324189082585-0-1/s-l1600.jpg","",""
"5edfc95e7f2faa1018068912","24 Complete Season 2 Dvd Box Set Royal Mail 1st Class Fast & Free ","24 Complete Season 2 Box Set Royal Mail 1st Class Fast & Free","","","EAN 5039036013031","","","https://i.ebayimg.com/images/i/373061599086-0-1/s-l1600.jpg","",""
"5edfc9657f2faa1018068913","24 Season 3 - Dvd - ","24 Season 3","","","EAN 5039036017329","","","https://i.ebayimg.com/images/i/324184927143-0-1/s-l1600.jpg","",""
"5edfc9787f2faa1018068914","24 Season 4 Box Se - Dvd - ","24 Season 4 Box Se","","","EAN 5039036020336","","","https://i.ebayimg.com/images/i/373070957869-0-1/s-l1600.jpg","",""
"5edfc9827f2faa1018068915","24 Season 5 Box Se - Dvd - ","24 Season 5 Box Se","","","EAN 5039036026130","","","https://i.ebayimg.com/images/i/383570964215-0-1/s-l1600.jpg","",""
"5edfc9887f2faa1018068916","24 Season 6 - Dvd - ","24 Season 6","","","EAN 5039036033534","","","https://i.ebayimg.com/images/i/383542038940-0-1/s-l1600.jpg","",""
"5edfc98d7f2faa1018068917","Kiefer Sutherland, Adoni Ma...-24: Season 7 (uk Import) Dvd [region 2] ","Kiefer Sutherland, Adoni Ma...-24: Season 7","","","EAN 5039036041072","","","https://i.ebayimg.com/images/i/114240411417-0-1/s-l1600.jpg","",""
"5edfc9937f2faa1018068918","24 The Final Season Dvd Boxset Brand And Sealed ","24 The Final Season Boxset Brand And Sealed","","","EAN 5039036043779","","","https://i.ebayimg.com/images/i/392321222138-0-1/s-l1600.jpg","",""
"5edfcb797f2fab101831383e","Carnivale Season 1 <region 2 Dvd, Sealed> ","Carnivale Season 1","","","EAN 7321900253864","","","https://i.ebayimg.com/images/i/164234075723-0-1/s-l1600.jpg","",""
"5edfcb7d7f2fab101831383f","Peep Show: Series 1-3 Box Set [dvd] By Robert Webb,david Mitchell,philip Clar. ","Peep Show: Series 1-3 Box Set By Robert Webb,david Mitchell,philip Clar.","","","EAN 6867441008293","","","https://i.ebayimg.com/images/i/123659753222-0-1/s-l1600.jpg","",""
"5edfcb887f2fab1018313840","Dream On: Seasons 1 & 2 [5 Discs] (dvd) ","Dream On: Seasons 1 & 2","","","UPC 025192605826","","","http://img.bbystatic.com/BestBuy_US/images/products/6767/6767983.jpg","",""
"5edfcb8e7f2fab1018313841","Firefly, The Complete Series Dvd Set, Joss Whedon Tv Show, & Sealed. ","Firefly, The Complete Series Set, Joss Whedon Tv Show, & Sealed.","","","EAN 5039036016025","","","https://i.ebayimg.com/images/i/124153964958-0-1/s-l1600.jpg","",""
"5edfcb947f2fab1018313842","Dvd The X Files First Season Box Set 689 ","The X Files First Season Box Set 689","","","EAN 5039036018241","","","https://i.ebayimg.com/images/i/153889363939-0-1/s-l1600.jpg","",""
"5edfcbad7f2fab1018313843","Doctor Who - The Complete Bbc Series 2 Box Set [dvd] By David Tennant. ","Doctor Who - The Complete Bbc Series 2 Box Set By David Tennant.","","","EAN 5014503212223","","","https://i.ebayimg.com/images/i/333246880881-0-1/s-l1600.jpg","",""
"5edfcbb37f2fab1018313844","Farscape [dvd]. ","Farscape .","","","EAN 5030305890001","","","https://i.ebayimg.com/images/i/303071359989-0-1/s-l1600.jpg","",""
"5edfcbc87f2fab1018313845","When The Boat Comes In (1975/81) Complete Series : 24 Dvd Box Set James Bolam ","When The Boat Comes In Complete Series : 24 Box Set James Bolam","","","EAN 5036193090974","","","https://i.ebayimg.com/images/i/383033879123-0-1/s-l1600.jpg","",""
"5edfcbd17f2fab1018313846","Family At War: Complete Set [dvd] [1970], 5036193090745, T.r. Bowen, David Brad. ","Family At War: Complete Set , 5036193090745, T.r. Bowen, David Brad.","1970","","EAN 5036193090745","","","https://i.ebayimg.com/images/i/132888285816-0-1/s-l1600.jpg","",""
"5edfcbe57f2fab1018313847","Farscape: The Peacekeeper Wars [dvd] By Ben Browder,claudia Black. ","Farscape: The Peacekeeper Wars By Ben Browder,claudia Black.","","","EAN 5030305800390","","","https://i.ebayimg.com/images/i/123659682600-0-1/s-l1600.jpg","",""
"5edfcbed7f2fab1018313848","Farscape 3.1 [dvd] [1999] By Ben Browder,claudia Black,andrew Prowse,emily Sk. ","Farscape 3.1 By Ben Browder,claudia Black,andrew Prowse,emily Sk.","1999","","EAN 5030305810115","","","https://i.ebayimg.com/images/i/293006596113-0-1/s-l1600.jpg","",""
"5edfcbf37f2fab1018313849","Farscape 3.2 [dvd] [1999] By Ben Browder,claudia Black,andrew Prowse,emily Sk. ","Farscape 3.2 By Ben Browder,claudia Black,andrew Prowse,emily Sk.","1999","","EAN 5030305810122","","","https://i.ebayimg.com/images/i/303095722903-0-1/s-l1600.jpg","",""
"5edfcbf87f2fab101831384a","Farscape 3.3 [dvd] [1999] By Ben Browder,claudia Black,andrew Prowse,emily Sk. ","Farscape 3.3 By Ben Browder,claudia Black,andrew Prowse,emily Sk.","1999","","EAN 5030305810139","","","https://i.ebayimg.com/images/i/303135953174-0-1/s-l1600.jpg","",""
"5edfcc017f2fab101831384b","Farscape 3.4 [dvd] [1999] By Ben Browder,claudia Black,andrew Prowse,emily Sk. ","Farscape 3.4 By Ben Browder,claudia Black,andrew Prowse,emily Sk.","1999","","EAN 5030305810146","","","https://i.ebayimg.com/images/i/303135952629-0-1/s-l1600.jpg","",""
"5edfcc0a7f2fab101831384c","Farscape 3.5 [dvd] [1999] By Ben Browder,claudia Black,andrew Prowse,emily Sk. ","Farscape 3.5 By Ben Browder,claudia Black,andrew Prowse,emily Sk.","1999","","EAN 5030305810153","","","https://i.ebayimg.com/images/i/303135952914-0-1/s-l1600.jpg","",""
"5edfcc127f2fab101831384d","Farscape 4.1 [dvd] [1999] By Ben Browder,claudia Black,andrew Prowse,emily Sk. ","Farscape 4.1 By Ben Browder,claudia Black,andrew Prowse,emily Sk.","1999","","EAN 5030305810160","","","https://i.ebayimg.com/images/i/303095729055-0-1/s-l1600.jpg","",""
"5edfcc1f7f2fab101831384e","Farscape 4.2 [dvd] [1999] By Ben Browder,claudia Black,andrew Prowse,emily Sk. ","Farscape 4.2 By Ben Browder,claudia Black,andrew Prowse,emily Sk.","1999","","EAN 5030305810177","","","https://i.ebayimg.com/images/i/123689815952-0-1/s-l1600.jpg","",""
"5edfcc247f2fab101831384f","Farscape 4.3 [dvd] [1999] By Ben Browder,claudia Black,andrew Prowse,emily Sk. ","Farscape 4.3 By Ben Browder,claudia Black,andrew Prowse,emily Sk.","1999","","EAN 5030305810184","","","https://i.ebayimg.com/images/i/123659818989-0-1/s-l1600.jpg","",""
"5edfcc2a7f2fab1018313850","Farscape 4.4 [dvd] [1999] By Ben Browder,claudia Black,andrew Prowse,emily Sk. ","Farscape 4.4 By Ben Browder,claudia Black,andrew Prowse,emily Sk.","1999","","EAN 5030305810191","","","https://i.ebayimg.com/images/i/303071482204-0-1/s-l1600.jpg","",""
"5edfcc567f2fab1018313851","Dvd - American Dad Season - ","American Dad Season","","","EAN 5039036024723","","","https://i.ebayimg.com/images/i/372989364992-0-1/s-l1600.jpg","",""
"5edfcc5f7f2fab1018313852","The Simpsons: Complete Season 5 (box Set) [dvd] ","The Simpsons: Complete Season 5","","","EAN 5039036019729","","","https://i.ebayimg.com/images/i/274370545360-0-1/s-l1600.jpg","",""
"5edfcc657f2fab1018313853","The Simpsons: Complete Season 1 [dvd], 5039036006231, Dan Castellaneta, Nancy C. ","The Simpsons: Complete Season 1 , 5039036006231, Dan Castellaneta, Nancy C.","","","EAN 5039036006231","","","https://i.ebayimg.com/images/i/163474534145-0-1/s-l1600.jpg","",""
"5edfcc6d7f2fab1018313854","Family Guy - Present - 3781601000 - Dvd ","Family Guy - Present - 3781601000","","","EAN 5039036036603","","","https://i.ebayimg.com/images/i/373075357068-0-1/s-l1600.jpg","",""
"5edfccab7f2fab1018313855","Sound Of Music [region 2] - Dvd - - Free Shipping. ","Sound Of Music - Free Shipping.","","","EAN 5039036005692","","","https://i.ebayimg.com/images/i/362390561198-0-1/s-l1600.jpg","",""
"5edfccaf7f2fab1018313856","The King And I - Dvd ","The King And I","","","EAN 5039036005685","","","https://i.ebayimg.com/images/i/153860675582-0-1/s-l1600.jpg","",""
"5edfccb37f2fab1018313857","Moulin Rouge Dvd: 2-disc Edition (includes Bonus Features) Free Postage ","Moulin Rouge : 2-disc Edition Free Postage","","","EAN 5039036008372","","","https://i.ebayimg.com/images/i/224028789738-0-1/s-l1600.jpg","",""
"5edfccb87f2fab1018313858","The Rocky Horror Picture Show:tim Curry, Richard O'brien (dvd,2001) 2-disc Set) ","The Rocky Horror Picture Show:tim Curry, Richard O'brien 2-disc Set","2001","","EAN 5039036004312","","","https://i.ebayimg.com/images/i/202849115160-0-1/s-l1600.jpg","",""
"5edfccbd7f2fab1018313859","Seven Brides For Seven Brothers (dvd) & Sealed ","Seven Brides For Seven Brothers & Sealed","","","EAN 7321900650656","","","https://i.ebayimg.com/images/i/283887402055-0-1/s-l1600.jpg","",""
"5edfccc87f2fab101831385a","The Vicar Of Dibley: Ultimate Collection Dvd (2007) Dawn French Cert 12 6 Discs ","The Vicar Of Dibley: Ultimate Collection Dawn French Cert 12 6 Discs","2007","","EAN 5050582532029","","","https://i.ebayimg.com/images/i/362941625032-0-1/s-l1600.jpg","",""
"5edfccce7f2fab101831385b","Michael Flatley - Lord Of The Dance (dvd, 1998) ","Michael Flatley - Lord Of The Dance","1998","","UPC 044004781022","","","https://i.ebayimg.com/images/i/174309561142-0-1/s-l1600.jpg","",""
"5edfccd47f2fab101831385c","Hedwig And The Angry Inch (dvd, 2002) ","Hedwig And The Angry Inch","2002","","EAN 5017239191473","","","https://i.ebayimg.com/images/i/392474079663-0-1/s-l1600.jpg","",""
"5edfccd97f2fab101831385d","Annie Get Your Gun <region 2 Dvd, Sealed> ","Annie Get Your Gun","","","EAN 7321901654387","","","https://i.ebayimg.com/images/i/164224184225-0-1/s-l1600.jpg","",""
"5edfcce27f2fab101831385e","61759 Dvd - Annie & Oliver Box Set [new & Sealed] 2007 Cdrp 7089 ","61759 - Annie & Oliver Box Set Cdrp 7089","2007","","EAN 5035822708914","","","https://i.ebayimg.com/images/i/293064173852-0-1/s-l1600.jpg","",""
"5edfcce97f2fab101831385f","Mamma Mia The Movie - Dvd - Gift Box Set - Sealed ","Mamma Mia The Movie - Gift Box Set - Sealed","","","EAN 5050582591521","","","https://i.ebayimg.com/images/i/143069192378-0-1/s-l1600.jpg","",""
"5edfcd1b7f2fab1018313860","Mamma Mia 2 Movie Collection (uk Import) Dvd [region 2] ","Mamma Mia 2 Movie Collection","","","EAN 5053083172046","","","https://i.ebayimg.com/images/i/362993422440-0-1/s-l1600.jpg","",""
"5edfcd217f2fab1018313861","Ghost Town Dvd - Dsl1567 - Dvd ","Ghost Town - Dsl1567","","","EAN 5051188156732","","","https://i.ebayimg.com/images/i/383576989082-0-1/s-l1600.jpg","",""
"5edfcd2a7f2fab1018313862","The Pink Panther Film Collection (5 Disc Box Set) [dvd] [1976] - - Sealed ","The Pink Panther Film Collection - Sealed","1976","","EAN 5050070010404","","","https://i.ebayimg.com/images/i/143591319100-0-1/s-l1600.jpg","",""
"5edfcd327f2fab1018313863","Father Ted - The Complete 3rd Series [1995] [dvd], Very Good Dvd, Don Wycherley, ","Father Ted - The Complete 3rd Series , Very Good , Don Wycherley","1995","","EAN 5014138069230","","","https://i.ebayimg.com/images/i/202725869786-0-1/s-l1600.jpg","",""
"5edfcd367f2fab1018313864","28845 Dvd - Little Britain The Complete Second Series [new & Sealed] 2005 ","28845 - Little Britain The Complete Second Series","2005","","EAN 5014503167523","","","https://i.ebayimg.com/images/i/273632229868-0-1/s-l1600.jpg","",""
"5edfcd397f2fab1018313865","10340 Dvd - Little Britain The Complete First Series 2004 Bbcdvd 1494 ","10340 - Little Britain The Complete First Series Bbcdvd 1494","2004","","EAN 5014503149420","","","https://i.ebayimg.com/images/i/273826144667-0-1/s-l1600.jpg","",""
"5edfcd427f2fab1018313866","Andrew Lloyd Webber: The Royal Albert Hall Celebration [dvd] [1998] By Tina A. ","Andrew Lloyd Webber: The Royal Albert Hall Celebration By Tina A.","1998","","EAN 3259190200920","","","https://i.ebayimg.com/images/i/352890417844-0-1/s-l1600.jpg","",""
"5edfcd467f2fab1018313867","Andrew Lloyd Webber - Cats - Dvd - ","Andrew Lloyd Webber - Cats","","","EAN 3259190255098","","","https://i.ebayimg.com/images/i/324184956938-0-1/s-l1600.jpg","",""
"5edfcd4e7f2fab1018313868","Joseph And The Amazing Technicolour Dreamcoat [dvd] [1999], Very Good Dvd, Donny ","Joseph And The Amazing Technicolour Dreamcoat , Very Good , Donny","1999","","UPC 044005370324","","","https://i.ebayimg.com/images/i/363015635625-0-1/s-l1600.jpg","",""
"5edfcd567f2fab1018313869","The Jazz Singer (25th Anniversary) (DVD) ","The Jazz Singer","","","EAN 9332412004224","","","https://i5.walmartimages.com/asr/7e6f6629-0793-4ba4-a3bc-c793be4f422c_1.4d54206028bc0d3e7b3ca6077a8ee10d.jpeg?odnHeight=450&odnWidth=450&odnBg=ffffff","",""
"5edfcd5a7f2fab101831386a","Tesla / Time's Makin' Changes (2005) Dvd ","Tesla / Time's Makin' Changes","2005","","EAN 8809090752682","","","http://i.ebayimg.com/00/s/NTAwWDM0MA==/z/OlcAAOSw4A5YrEo3/$_1.JPG?set_id=880000500F","",""
"5edfcd5f7f2fab101831386b","Channing Tatum - Magic Mike - Lgd94963 - Dvd ","Channing Tatum - Magic Mike - Lgd94963","","","EAN 5060223768335","","","https://i.ebayimg.com/images/i/324189084023-0-1/s-l1600.jpg","",""
"5edfcd667f2fab101831386c","League Of Gentlemen - Bbcdvd1007 - Dvd ","League Of Gentlemen - Bbcdvd1007","","","EAN 5014503100728","","","https://i.ebayimg.com/images/i/324189083068-0-1/s-l1600.jpg","",""
"5edfcd697f2fab101831386d","Raising Arizona - 05191dvd - Dvd ","Raising Arizona - 05191dvd","","","EAN 5039036006125","","","https://i.ebayimg.com/images/i/373075356567-0-1/s-l1600.jpg","",""
"5edfcd707f2fab101831386e","Blues Brothers - 8203780 - Dvd ","Blues Brothers - 8203780","","","EAN 5050582037807","","","https://i.ebayimg.com/images/i/383576989023-0-1/s-l1600.jpg","",""
"5edfcd737f2fab101831386f","Id5660z - Spinal Tap - This Is Spinal Tap - 16146dvd Z1 - Dvd ","Id5660z - Spinal Tap - This Is Spinal Tap - 16146dvd Z1","","","EAN 5050070004380","","","https://i.ebayimg.com/images/i/373065244090-0-1/s-l1600.jpg","",""
"5edfcd777f2fab1018313870","Fool's Gold - 1000086715 - Dvd ","Fool's Gold - 1000086715","","","EAN 7321902139999","","","https://i.ebayimg.com/images/i/383576989188-0-1/s-l1600.jpg","",""
"5edfcd7e7f2fab1018313871","American Pie","American Pie","","","025192073526","Uncategorized","[]","https://i5.walmartimages.com/asr/4b7e9995-d7fc-45c7-bf33-e69769103f9e_1.217747d5ff0d8a0943f7df4630fec835.jpeg?odnHeight=450&odnWidth=450&odnBg=ffffff","",""
"5edfcd977f2fab1018313872","Bad Santa - Cdr39107 - Dvd ","Bad Santa - Cdr39107","","","EAN 5035822910737","","","https://i.ebayimg.com/images/i/373075357884-0-1/s-l1600.jpg","",""
"5edfcda17f2fab1018313873","Hansel & Gretel: Witch Hunters (blu-ray Disc) ","Hansel & Gretel: Witch Hunters","","BLURAY","EAN 5051368248530","","","http://img.bbystatic.com/BestBuy_US/images/products/nonsku/default_movies_l.jpg","",""
"5edfcda47f2fab1018313874","Revenant, The Bd - Digital Hd Uv (uk Import) Blu-ray ","Revenant, The Bd - Digital Hd Uv","","BLURAY","EAN 5039036076517","","","https://i.ebayimg.com/images/i/114248563834-0-1/s-l1600.jpg","",""
"5edfcda87f2fab1018313875","Cloud Atlas <region B Bluray, Sealed> ","Cloud Atlas","","BLURAY","EAN 5051892125888","","","https://i.ebayimg.com/images/i/164234075683-0-1/s-l1600.jpg","",""
"5edfcdac7f2fab1018313876","Nine Lives - Lid95364 - Dvd ","Nine Lives - Lid95364","","","EAN 5055761908213","","","https://i.ebayimg.com/images/i/324189082406-0-1/s-l1600.jpg","",""
"5edfcdeb7f2fab1018313877","This Is The End (blu-ray Disc) ","This Is The End","","BLURAY","EAN 5051124193395","","","http://img.bbystatic.com/BestBuy_US/images/products/nonsku/default_movies_l.jpg","",""
"5edfce3b7f2fab1018313878","Chris Rock: Bigger & Blacker (DVD) ","Chris Rock: Bigger & Blacker","","","UPC 026359168826","","","https://i5.walmartimages.com/asr/d529a5b6-928d-4bef-8624-d6ac19e57657_1.fa5b964614ad1b6b439b417c2336d110.jpeg?odnHeight=450&odnWidth=450&odnBg=ffffff","",""
"5edfce427f2fab1018313879","Chris Rock Never Scared","Chris Rock Never Scared","","","7321900253642","Uncategorized","[]","https://stiletto.ddns.net/MagnoliumApiCore/api/discs/covers/7321900253642.png?v=1789494844","manual",""
"5edfce487f2fab101831387a","Richard Pryor Live In Concert","Richard Pryor Live In Concert","","","5060018488288","Uncategorized","[]","https://stiletto.ddns.net/MagnoliumApiCore/api/discs/covers/5060018488288.png?v=1789494917","manual",""
"5edfce557f2fab101831387b","Eddie Izzard: Glorious","Eddie Izzard: Glorious","","","5050582249071","Uncategorized","[]","https://stiletto.ddns.net/MagnoliumApiCore/api/discs/covers/5050582249071.png?v=1789494961","manual",""
"5edfce627f2fab101831387c","Belkin - Patch cable - LC/PC multi-mode (M) to ST/PC multi-mode (M) - 33  ","Belkin - Patch cable - LC/PC multi-mode to ST/PC multi-mode - 33","","","UPC 634991147521","","","https://i5.walmartimages.com/asr/1121e864-f3d9-4d49-adf6-7ece06a6d46f_1.baccedddefc4904812355f411aa5b5ff.jpeg?odnHeight=450&odnWidth=450&odnBg=ffffff","",""
"5edfce687f2fab101831387d","Dylan Moran - The Live Collection (dvd, 2007, 2-disc Set, Box Set) Sealed ","Dylan Moran - The Live Collection Sealed","2007","","EAN 5050582506136","","","https://i.ebayimg.com/images/i/133147782865-0-1/s-l1600.jpg","",""
"5edfce6d7f2fab101831387e","Rio (uk Import) Blu-ray ","Rio","","BLURAY","EAN 5039036048255","","","https://i.ebayimg.com/images/i/362992644352-0-1/s-l1600.jpg","",""
"5edfce737f2fab101831387f","Sammys Great Escape Dvd Dvd (1000395312) ","Sammys Great Escape","","","EAN 5051892131582","","","https://i.ebayimg.com/images/i/363013048435-0-1/s-l1600.jpg","",""
"5edfce787f2fab1018313880","Bug's Life (uk Import) Blu-ray ","Bug's Life","","BLURAY","EAN 8717418254407","","","https://i.ebayimg.com/images/i/363009832449-0-1/s-l1600.jpg","",""
"5edfce7c7f2fab1018313881","Piggy Tales Season - Cdr65041 - Dvd ","Piggy Tales Season - Cdr65041","","","EAN 5035822504134","","","https://i.ebayimg.com/images/i/373075358195-0-1/s-l1600.jpg","",""
"5edfce827f2fab1018313882","The Adventures Of Baron Munchausen [dvd] [1988] [2011] By John Neville,eric I. ","The Adventures Of Baron Munchausen By John Neville,eric I.","","","EAN 5035822177437","","","https://i.ebayimg.com/images/i/163825574813-0-1/s-l1600.jpg","",""
"5edfce877f2fab1018313883","Brave <region B Bluray, Sealed> ","Brave","","BLURAY","EAN 8717418366995","","","https://i.ebayimg.com/images/i/373073173582-0-1/s-l1600.jpg","",""
"5edfce8e7f2fab1018313884","Shaun Of The Dead Dv - 8226110 - Dvd ","Shaun Of The Dead Dv - 8226110","","","EAN 5050582261103","","","https://i.ebayimg.com/images/i/373075357732-0-1/s-l1600.jpg","",""
"5edfce937f2fab1018313885","Beetlejuice: 20th Anniversary (blu-ray Disc) (anniversary Edition) ","Beetlejuice: 20th Anniversary","","BLURAY","EAN 7321900216654","","","http://img.bbystatic.com/BestBuy_US/images/products/nonsku/default_movies_l.jpg","",""
"5edfce977f2fab1018313886","Macaulay Culkin, Joe Pesci-home Alone (uk Import) Blu-ray ","Macaulay Culkin, Joe Pesci-home Alone","","BLURAY","EAN 5039036045063","","","https://i.ebayimg.com/images/i/363009783754-0-1/s-l1600.jpg","",""
"5edfce9d7f2fab1018313887","HANGOVER [DVD] [5051892007122] ","HANGOVER","","","EAN 5051892007122","","","https://i5.walmartimages.com/asr/7317aabb-511a-4bd8-9075-6b7dc2dc8ca3_1.d6f899d5072c1d4d069636eb86d3c02f.jpeg?odnHeight=450&odnWidth=450&odnBg=ffffff","",""
"5edfcea57f2fab1018313888","The Hangover Part Ii - Triple Play (blu-ray + Dvd + Digital Copy) [2011] [regio. ","The Hangover Part Ii - Triple Play","2011","BLURAY","EAN 5051892027779","","","https://i.ebayimg.com/images/i/132764992887-0-1/s-l1600.jpg","",""
"5edfceaa7f2fab1018313889","The Hangover - Part Iii <region B Bluray, Sealed> ","The Hangover - Part Iii","","BLURAY","EAN 5051892124355","","","https://i.ebayimg.com/images/i/392807879886-0-1/s-l1600.jpg","",""
"5edfceb07f2fab101831388a","Paul [blu-ray], 5050582859720, Simon Pegg, Nick Frost, Kristen Wiig, Greg Motto. ","Paul , 5050582859720, Simon Pegg, Nick Frost, Kristen Wiig, Greg Motto.","","BLURAY","EAN 5050582859720","","","https://i.ebayimg.com/images/i/163303117178-0-1/s-l1600.jpg","",""
"5edfceb67f2fab101831388b","Kevin Smith-jay And Silent Bob Strike Back (uk Import) Dvd [region 2] ","Kevin Smith-jay And Silent Bob Strike Back","","","EAN 5017188884716","","","https://i.ebayimg.com/images/i/362977122348-0-1/s-l1600.jpg","",""
"5edfcebb7f2fab101831388c","Road To Bali-special Feature:bob Hope Story (uk Import) Dvd ","Road To Bali-special Feature:bob Hope Story","","","EAN 5025539960460","","","http://i.ebayimg.com/00/s/NTA1WDM1Nw==/z/X~IAAOSwLkdY8kZM/$_12.PNG?set_id=880000500F","",""
"5edfcec17f2fab101831388d","BRENTWOOD HOME VIDEO ","BRENTWOOD HOME VIDEO","","","UPC 090096097992","","","https://i5.walmartimages.com/asr/5eb783e8-ac87-41af-8293-4273becefa14_1.a8295d60c524b8aa186c693ca5f15107.jpeg?odnHeight=450&odnWidth=450&odnBg=ffffff","",""
"5edfcec77f2fab101831388e","Wedding Crashers - U - Edv9387 - Dvd ","Wedding Crashers - U - Edv9387","","","EAN 5017239193873","","","https://i.ebayimg.com/images/i/383576990532-0-1/s-l1600.jpg","",""
"5edfcedf7f2fab101831388f","Groundhog Day - Bill Murray, Andie Macdowell - Dvd Free Uk P&p ","Groundhog Day - Bill Murray, Andie Macdowell - Free Uk P&p","","","EAN 5035822459434","","","https://i.ebayimg.com/images/i/303135877417-0-1/s-l1600.jpg","",""
"5edfcef17f2fab1018313890","Galaxy Quest (dvd, 2001) Dvd Film ","Galaxy Quest Film","2001","","UPC 678149091397","","","https://i.ebayimg.com/images/i/233611690659-0-1/s-l1600.jpg","",""
"5edfcef77f2fab1018313891","Theres Something Abo - 00178dvd - Dvd ","Theres Something Abo - 00178dvd","","","EAN 5039036000284","","","https://i.ebayimg.com/images/i/324189084809-0-1/s-l1600.jpg","",""
"5edfcefb7f2fab1018313892","John Malkovich, Simon Jones-hitchhikers Guide To (uk Import) Dvd [region 2] ","John Malkovich, Simon Jones-hitchhikers Guide To","","","EAN 8717418047450","","","https://i.ebayimg.com/images/i/133415681900-0-1/s-l1600.jpg","",""
"5edfcf017f2fab1018313893","70808 Dvd - Men In Black Ii [new / Sealed] 2002 Cdr32718 ","70808 - Men In Black Ii Cdr32718","2002","","EAN 5035822271838","","","https://i.ebayimg.com/images/i/274382241464-0-1/s-l1600.jpg","",""
"5edfcf067f2fab1018313894","Yes Man - 1000096485 - Dvd ","Yes Man - 1000096485","","","EAN 5051892004268","","","https://i.ebayimg.com/images/i/383576990125-0-1/s-l1600.jpg","",""
"5edfcf0a7f2fab1018313895","Hot Fuzz 2 Disc Special Dvd ","Hot Fuzz 2 Disc Special","","","EAN 5050582487190","","","https://i.ebayimg.com/images/i/184234549109-0-1/s-l1600.jpg","",""
"5edfcf107f2fab1018313896","Robin Williams-the Birdcage (uk Import) Dvd [region 2] ","Robin Williams-the Birdcage","","","EAN 5050070000047","","","https://i.ebayimg.com/images/i/363006675454-0-1/s-l1600.jpg","",""
"5edfcf157f2fab1018313897","Jim Carrey, Morgan Freeman-bruce Almighty (uk Import) Dvd [region 2] ","Jim Carrey, Morgan Freeman-bruce Almighty","","","EAN 5017188889322","","","https://i.ebayimg.com/images/i/363006474997-0-1/s-l1600.jpg","",""
"5edfcf1b7f2fab1018313898","Message In A Bottle - Dvd - ","Message In A Bottle","","","EAN 7321900169899","","","https://i.ebayimg.com/images/i/383557429187-0-1/s-l1600.jpg","",""
"5edfcf217f2fab1018313899","Mercury Rising [1998] Dvd, Bruce Willis, Miko Hughes, R2 Uk Pal ","Mercury Rising , Bruce Willis, Miko Hughes, R2 Uk Pal","1998","","EAN 5035822002241","","","https://i.ebayimg.com/images/i/383330110072-0-1/s-l1600.jpg","",""
"5edfcf277f2fab101831389a","John Carpenter's Vampires (DVD) ","John Carpenter's Vampires","","","UPC 043396030640","","","https://i5.walmartimages.com/asr/93f467c7-a5aa-40cc-ab23-da5d88459890_1.210c657763f5258c2f89bc5c6ad9e96b.jpeg?odnHeight=450&odnWidth=450&odnBg=ffffff","",""
"5edfcf2b7f2fab101831389b","Somewhere In Time Dv - Abd4782 - Dvd ","Somewhere In Time Dv - Abd4782","","","EAN 5060020627583","","","https://i.ebayimg.com/images/i/373075356759-0-1/s-l1600.jpg","",""
"5edfcf327f2fab101831389c","Monty Python: The Movies (4 Disc Box Set) [dvd] By Graham Chapman,john Cleese. ","Monty Python: The Movies By Graham Chapman,john Cleese.","","","EAN 5035822109315","","","https://i.ebayimg.com/images/i/293064096841-0-1/s-l1600.jpg","",""
"5edfcf387f2fab101831389d","Smurfs - Dvd - ","Smurfs","","","EAN 5035822577237","","","https://i.ebayimg.com/images/i/324184928422-0-1/s-l1600.jpg","",""
"5edfcf3c7f2fab101831389e","Dogma [region 2] - Dvd - - Free Shipping. ","Dogma - Free Shipping.","","","EAN 6867449005690","","","https://i.ebayimg.com/00/s/NTA1WDM1NA==/z/IRgAAOSwP8lauwdy/$_12.PNG?set_id=880000500F","",""
"5edfcf417f2fab101831389f","Great Gatsby (blu-ray Disc) ","Great Gatsby","","BLURAY","EAN 5051892140317","","","http://img.bbystatic.com/BestBuy_US/images/products/nonsku/default_movies_l.jpg","",""
"5edfcf507f2fab10183138a0","Three Oclock High Dvd (8236264) ","Three Oclock High","","","EAN 5050582362640","","","https://i.ebayimg.com/00/s/MzM3WDIzNQ==/z/MYoAAOSwB45anqns/$_0.JPG?set_id=8800005007","",""
"5edfcf797f2fab10183138a1","The Game By David Fincher ","The Game By David Fincher","","","UPC 044005622621","","","https://i.ebayimg.com/images/i/353094956893-0-1/s-l1600.jpg","",""
"5edfcf7c7f2fab10183138a2","National Lampoon's Christmas Vacation (blu-ray Disc) ","National Lampoon's Christmas Vacation","","BLURAY","EAN 7321904828464","","","http://img.bbystatic.com/BestBuy_US/images/products/nonsku/default_movies_l.jpg","",""
"5edfcf807f2fab10183138a3","The Night Before Blu - Blu-ray - ","The Night Before Blu","","BLURAY","EAN 5050630501533","","","https://i.ebayimg.com/images/i/324184927047-0-1/s-l1600.jpg","",""
"5edfcf857f2fab10183138a4","INCREDIBLES [DVD] ","INCREDIBLES","","","EAN 8717418297916","","","https://i5.walmartimages.com/asr/f68593ce-86b1-4b9d-bf52-7c066f893e7c_1.bca3eb91efa7761b4c11a8fa4dde7ebd.jpeg?odnHeight=450&odnWidth=450&odnBg=ffffff","",""
"5edfcf897f2fab10183138a5","Spy [blu-ray + Uv Copy] [2015], 5039036074193, Jason Statham, Morena Baccarin, . ","Spy , 5039036074193, Jason Statham, Morena Baccarin, .","2015","BLURAY","EAN 5039036074193","","","https://i.ebayimg.com/images/i/163303117747-0-1/s-l1600.jpg","",""
"5edfcf8d7f2fab10183138a6","Silver Linings Playbook (blu-ray Disc) ","Silver Linings Playbook","","BLURAY","EAN 5017239152252","","","http://img.bbystatic.com/BestBuy_US/images/products/nonsku/default_movies_l.jpg","",""
"5edfcf937f2fab10183138a7","Mallrats (Blu-ray) ","Mallrats","","BLURAY","EAN 5050582893175","","","https://i5.walmartimages.com/asr/3f281a9b-3d46-4eb7-b6c9-c445bd467173_1.8b7d88c6b398b590c5741fa0ffeffc10.jpeg?odnHeight=450&odnWidth=450&odnBg=ffffff","",""
"5edfcf967f2fab10183138a8","Mallrats (Blu-ray) ","Mallrats","","BLURAY","EAN 5050582893175","","","https://i5.walmartimages.com/asr/3f281a9b-3d46-4eb7-b6c9-c445bd467173_1.8b7d88c6b398b590c5741fa0ffeffc10.jpeg?odnHeight=450&odnWidth=450&odnBg=ffffff","",""
"5edfcfe27f2fab10183138a9","Les Miserables Anne Hathaway Hugh Jackman Russell Crowe Blu Ray ","Les Miserables Anne Hathaway Hugh Jackman Russell Crowe","","BLURAY","EAN 5050582946956","","","https://i.ebayimg.com/00/s/MTYwMFgxMjAw/z/jPcAAOSwl9RaMTJr/$_57.JPG?set_id=8800005007","",""
"5edfcfe77f2fab10183138aa","Homeward Bound 2: Lost In San Francisco Dvd","Homeward Bound 2: Lost In San Francisco","","","EAN 7321901345162","","","https://i.ebayimg.com/00/s/NDc1WDMzOQ==/z/r2IAAOSwbkVaGsQh/$_1.JPG?set_id=8800005007","",""
"5edfcfea7f2fab10183138ab","Wanderlust Dvd ","Wanderlust","","","EAN 5050582891232","","","https://i.ebayimg.com/images/i/283897014214-0-1/s-l1600.jpg","",""
"5edfcfed7f2fab10183138ac","Evita (Blu-ray) ","Evita","","BLURAY","UPC 786936823530","","","https://i5.walmartimages.com/asr/a1709158-929e-43c7-a18d-e60edba2f3f9_1.c715faec716a537f600d93164856b966.jpeg?odnHeight=450&odnWidth=450&odnBg=ffffff","",""
"5edfd05b7f2fab10183138ad","Ghost Patrick Swayze Dvd ","Ghost Patrick Swayze","","","EAN 5014437811639","","","https://i.ebayimg.com/images/i/273644172416-0-1/s-l1600.jpg","",""
"5edfd05e7f2fab10183138ae","Star Is Born, A {region 2&4&5 Dvd} ","Star Is Born, A","","","EAN 9325336039670","","","https://i.ebayimg.com/images/i/163671220180-0-1/s-l1600.jpg","",""
"5edfd0617f2fab10183138af","Australia (dvd, 2009) - / Sealed ","Australia - / Sealed","2009","","EAN 5039036040990","","","https://i.ebayimg.com/images/i/283901933950-0-1/s-l1600.jpg","",""
"5edfd0657f2fab10183138b0","Funny Girl / Funny Lady <region 2 Dvd, Sealed> ","Funny Girl / Funny Lady","","","EAN 5035822028319","","","https://i.ebayimg.com/images/i/164233404511-0-1/s-l1600.jpg","",""
"5edfd0687f2fab10183138b1","Dirty Dancing (dvd) Patrick Swayze To The Music -classic Teen Romance New/sealed ","Dirty Dancing Patrick Swayze To The Music -classic Teen Romance New/sealed","","","EAN 5035822100251","","","https://i.ebayimg.com/images/i/153955559480-0-1/s-l1600.jpg","",""
"5edfd0857f2fab10183138b2","Pride And Prejudice - 8239125 - Dvd ","Pride And Prejudice - 8239125","","","EAN 5050582391251","","","https://i.ebayimg.com/images/i/324189083423-0-1/s-l1600.jpg","",""
"5edfd08a7f2fab10183138b3","My Big Fat Greek Wedding <region 2 Dvd, Sealed> ","My Big Fat Greek Wedding","","","EAN 5017239191787","","","https://i.ebayimg.com/images/i/392827032013-0-1/s-l1600.jpg","",""
"5edfd0917f2fab10183138b4","Doctor Zhivago - Dvd - ","Doctor Zhivago","","","EAN 7321900655712","","","https://i.ebayimg.com/images/i/383571036458-0-1/s-l1600.jpg","",""
"5edfd0957f2fab10183138b5","Danielle Steel's Once In A Lifetime [dvd] By Lindsay Wagner,barry Bostwick,av. ","Danielle Steel's Once In A Lifetime By Lindsay Wagner,barry Bostwick,av.","","","EAN 5018011202141","","","https://i.ebayimg.com/images/i/123689761742-0-1/s-l1600.jpg","",""
"5edfd0997f2fab10183138b6","Ghosts Of Girlfriend - Edv9599 - Dvd ","Ghosts Of Girlfriend - Edv9599","","","EAN 5017239195990","","","https://i.ebayimg.com/images/i/373075358108-0-1/s-l1600.jpg","",""
"5edfd09e7f2fab10183138b7","The Queen ","The Queen","","","EAN 5060002835128","","","http://ecx.images-amazon.com/images/I/41enGM29%2B-L._SL160_.jpg","",""
"5edfd0a17f2fab10183138b8","Tom Cruise - Far And Away - 8204115 - Dvd ","Tom Cruise - Far And Away - 8204115","","","EAN 5050582041156","","","https://i.ebayimg.com/images/i/373075357950-0-1/s-l1600.jpg","",""
"5edfd0a57f2fab10183138b9","P.s. I Love You Dvd (vg) ","P.s. I Love You","","","EAN 5060116721355","","","https://i.ebayimg.com/images/i/283904582375-0-1/s-l1600.jpg","",""
"5edfd0aa7f2fab10183138ba","Bridesmaids Extended Edition (blu-ray & Dvd, Dual Format) ✔️ Vgc ","Bridesmaids Extended Edition ✔️ Vgc","","BLURAY","EAN 5050582866315","","","https://i.ebayimg.com/images/i/293412409044-0-1/s-l1600.jpg","",""
"5edfd0b37f2fab10183138bb","The Ex Dvd - Dvd - ","The Ex","","","EAN 5051429101187","","","https://i.ebayimg.com/images/i/383570964937-0-1/s-l1600.jpg","",""
"5edfd1007f2fab10183138bc","Julia Roberts, Richard Gere-runaway Bride (uk Import) Dvd [region 2] ","Julia Roberts, Richard Gere-runaway Bride","","","EAN 5017188882569","","","https://i.ebayimg.com/images/i/133430533956-0-1/s-l1600.jpg","",""
"5edfd1047f2fab10183138bd","Beaches - Bed888701 - Dvd ","Beaches - Bed888701","","","EAN 5017188887014","","","https://i.ebayimg.com/images/i/324189083413-0-1/s-l1600.jpg","",""
"5edfd1087f2fab10183138be","Julia Roberts, Susan Sarandon-stepmom (uk Import) Dvd [region 2] ","Julia Roberts, Susan Sarandon-stepmom","","","EAN 5035822676237","","","https://i.ebayimg.com/images/i/114241352887-0-1/s-l1600.jpg","",""
"5edfd10c7f2fab10183138bf","Danielle Steel's Full Circle [region 2] - Dvd - - Free Shipping. ","Danielle Steel's Full Circle - Free Shipping.","","","EAN 5030305104498","","","http://i.ebayimg.com/00/s/NTA1WDM1NQ==/z/g6cAAOSwFV9X0yrJ/$_1.JPG?set_id=880000500F","",""
"5edfd1107f2fab10183138c0","Danielle Steel's Fine Things [dvd], Very Good Dvd, Cloris Leachman, Noley Thornt ","Danielle Steel's Fine Things , Very Good , Cloris Leachman, Noley Thornt","","","EAN 5018011202127","","","https://i.ebayimg.com/images/i/113928673974-0-1/s-l1600.jpg","",""
"5edfd1147f2fab10183138c1","South Pacific Dvd Digitally Mastered Like W/ Insert ","South Pacific Digitally Mastered Like W/ Insert","","","UPC 024543045182","","","https://i.ebayimg.com/images/i/333596532725-0-1/s-l1600.jpg","",""
"5edfd1197f2fab10183138c2","Bridget Jones The E - 8231064 - Dvd ","Bridget Jones The E - 8231064","","","EAN 5050582310641","","","https://i.ebayimg.com/images/i/324189082179-0-1/s-l1600.jpg","",""
"5edfd11f7f2fab10183138c3","Danielle Steel's Message From Nam - 1993 Romantic Drama (dvd) & Sealed ","Danielle Steel's Message From Nam - Romantic Drama & Sealed","1993","","EAN 5018011202134","","","https://i.ebayimg.com/images/i/124171496238-0-1/s-l1600.jpg","",""
"5edfd1237f2fab10183138c4","My Best Friend's Wedding [dvd] [1997] By Julia Roberts,dermot Mulroney,bill J. ","My Best Friend's Wedding By Julia Roberts,dermot Mulroney,bill J.","1997","","EAN 5035822524132","","","https://i.ebayimg.com/images/i/303071482454-0-1/s-l1600.jpg","",""
"5edfd1267f2fab10183138c5","Mona Lisa Smile Dvd (vg) ","Mona Lisa Smile","","","EAN 5035822480339","","","https://i.ebayimg.com/images/i/283902676016-0-1/s-l1600.jpg","",""
"5edfd12a7f2fab10183138c6","Definitely Maybe Dvd Royal Mail 1st Class Fast & Free ","Definitely Maybe Royal Mail 1st Class Fast & Free","","","EAN 5050582550870","","","https://i.ebayimg.com/images/i/373067998280-0-1/s-l1600.jpg","",""
"5edfd12d7f2fab10183138c7","Sex & the City - Series 3 Box Set ","Sex & the City - Series 3 Box Set","","","EAN 5014437821133","","","https://i19.onbuy.com/product/84e9add45b4f41759e205ce6ac484ece-l701076.jpg","",""
"5edfd1317f2fab10183138c8","[dvd] Love Actually ","Love Actually","","","EAN 5050582303049","","","https://i.ebayimg.com/images/i/383378546262-0-1/s-l1600.jpg","",""
"5edfd1357f2fab10183138c9","About A Boy - 9038399 - Dvd ","About A Boy - 9038399","","","EAN 3259190383999","","","https://i.ebayimg.com/images/i/383576990596-0-1/s-l1600.jpg","",""
"5edfd1387f2fab10183138ca","While You Were Sleeping Dvd","While You Were Sleeping","","","EAN 7321901345087","","","https://i.ebayimg.com/images/i/123746794288-0-1/s-l1600.jpg","",""
"5edfd13c7f2fab10183138cb","Bridget Jones's Diary Dvd Exc Royal Mail 1st Class Fast & Free ","Bridget Jones's Diary Exc Royal Mail 1st Class Fast & Free","","","EAN 5035822013346","","","https://i.ebayimg.com/images/i/373066085404-0-1/s-l1600.jpg","",""
"5edfd17f7f2fab10183138cc","North And South - Book 2 [dvd] Sealed Uk Region 2 ","North And South - Book 2 Sealed Uk Region 2","","","EAN 7321900116145","","","https://i.ebayimg.com/images/i/332970749001-0-1/s-l1600.jpg","",""
"5edfd1857f2fab10183138cd","Marley And Me - 3630201000 - Dvd ","Marley And Me - 3630201000","","","EAN 5039036041379","","","https://i.ebayimg.com/images/i/324189082524-0-1/s-l1600.jpg","",""
"5edfd1887f2fab10183138ce","Bob Penny, George Kelly-forrest Gump (uk Import) Dvd [region 2] ","Bob Penny, George Kelly-forrest Gump","","","EAN 5014437812438","","","https://i.ebayimg.com/images/i/114230265366-0-1/s-l1600.jpg","",""
"5edfd18b7f2fab10183138cf","The Thorn Birds The Missing Years - R2 Dvd - Richard Chamberlain, Amanda Donohoe ","The Thorn Birds The Missing Years - R2 - Richard Chamberlain, Amanda Donohoe","","","EAN 7321900715980","","","https://i.ebayimg.com/images/i/303135871653-0-1/s-l1600.jpg","",""
"5edfd18f7f2fab10183138d0","Thornbirds Dvd Original 1983 Forbidden Love Mini Series Thorn Birds Box Set Bnib ","Thornbirds Original Forbidden Love Mini Series Thorn Birds Box Set Bnib","1983","","EAN 7321900316248","","","https://i.ebayimg.com/images/i/223843359668-0-1/s-l1600.jpg","",""
"5edfd1927f2fab10183138d1","North And South: Book 1 [dvd] By Kirstie Alley,georg Stanford Brown. ","North And South: Book 1 By Kirstie Alley,georg Stanford Brown.","","","EAN 7321900242523","","","https://i.ebayimg.com/images/i/392408082632-0-1/s-l1600.jpg","",""
"5edfd1957f2fab10183138d2","Ken Hutchinson - Wuthering Heights - Bbcdvd2135 - Dvd ","Ken Hutchinson - Wuthering Heights - Bbcdvd2135","","","EAN 5014503213527","","","https://i.ebayimg.com/images/i/324189083112-0-1/s-l1600.jpg","",""
"5edfd1987f2fab10183138d3","Grumpy Old Women - 2008 Comedy - Linda Robson, Jenny Eclair (dvd) & Sealed ","Grumpy Old Women - Comedy - Linda Robson, Jenny Eclair & Sealed","2008","","EAN 5050582453317","","","https://i.ebayimg.com/images/i/303555675527-0-1/s-l1600.jpg","",""
"5edfd1a97f2fab10183138d4","Ali Macgraw - Love Story - Phe8149 - Dvd ","Ali Macgraw - Love Story - Phe8149","","","EAN 5014437814937","","","https://i.ebayimg.com/images/i/324189082408-0-1/s-l1600.jpg","",""
"5edfd1ad7f2fab10183138d5","Grumpy Old Women - Series 1, + Christmas Special, Sealed, Uk Dvd, Bbc ","Grumpy Old Women - Series 1, + Christmas Special, Sealed, Uk , Bbc","","","EAN 5014503222321","","","http://i.ebayimg.com/00/s/MTYwMFgxMjAw/z/FgYAAOSwh2xX~Epc/$_1.JPG?set_id=880000500F","",""
"5edfd1b07f2fab10183138d6","NOTEBOOK [DVD] [5017239192463] ","NOTEBOOK","","","EAN 5017239192463","","","https://i5.walmartimages.com/asr/8d9106a3-7265-43d0-9506-d951e7def553_1.551c39e1121a51c4eb438406ae8ee98f.jpeg?odnHeight=450&odnWidth=450&odnBg=ffffff","",""
"5edfd1b37f2fab10183138d7","Cranford: The Complete Series Dvd 2 Disc Set. Brand Sealed Judi Dench ","Cranford: The Complete Series 2 Disc Set. Brand Sealed Judi Dench","","","EAN 5014503254322","","","https://i.ebayimg.com/images/i/124208855452-0-1/s-l1600.jpg","",""
"5edfd1b77f2fab10183138d8","Shenandoah [dvd] [1965] By James Stewart,doug Mcclure,william H. Clothier,oth. ","Shenandoah By James Stewart,doug Mcclure,william H. Clothier,oth.","1965","","EAN 5050582253795","","","https://i.ebayimg.com/images/i/123746750326-0-1/s-l1600.jpg","",""
"5edfd1c47f2fab10183138d9","Richard Attenborough, Eliza...-miracle On 34th St (uk Import) Dvd [region 2] ","Richard Attenborough, Eliza...-miracle On 34th St","","","EAN 5039036006613","","","https://i.ebayimg.com/images/i/363009784109-0-1/s-l1600.jpg","",""
"5edfd1c87f2fab10183138da","Mirror, Mirror (blu-ray + Dvd )(2012) By Julia Roberts,lily Collins. ","Mirror, Mirror By Julia Roberts,lily Collins.","2012","BLURAY","EAN 5055201820648","","","https://i.ebayimg.com/images/i/293063979709-0-1/s-l1600.jpg","",""
"5edfd1cc7f2fab10183138db","Calendar Girls Dvd (vg) ","Calendar Girls","","","EAN 5017188811477","","","https://i.ebayimg.com/images/i/283904582366-0-1/s-l1600.jpg","",""
"5edfd1cf7f2fab10183138dc","Gone With The Wind - Dvd - ","Gone With The Wind","","","EAN 7321900650090","","","https://i.ebayimg.com/images/i/373071003037-0-1/s-l1600.jpg","",""
"5edfd1d37f2fab10183138dd","Sex and the City 2 (Two-Disc Special Edition) [DVD] [2010] ","Sex and the City 2","2010","","EAN 5051892011853","","","https://i23.onbuy.com/product/cfbd34e31b7546db82e37aed7ee9c018-l1838522.jpg","",""
"5edfd1d67f2fab10183138de","Sex and the City ","Sex and the City","","","UPC 685738726325","","","https://tshop.r10s.com/4ae/ac6/158a/aac5/90f5/1cf3/50c0/1170e8b59254ab3a2959ed.jpg?_ex=512x512","",""
"5edfd1e57f2fab10183138df","Munch: Our Hits ","Munch: Our Hits","","","UPC 044006309897","","","http://ecx.images-amazon.com/images/I/41IgxfRS1GL._SL160_.jpg","",""
"5edfd1ea7f2fab10183138e0","Id5783z - Michael Jackson - This Is It - Sbr 69320 - Blu-ray - Uk ","Id5783z - Michael Jackson - This Is It - Sbr 69320 - Uk","","BLURAY","EAN 5050629932034","","","https://i.ebayimg.com/images/i/324179616464-0-1/s-l1600.jpg","",""
"5edfd1ed7f2fab10183138e1","Mr Popper's Penguins - Dvd - ","Mr Popper's Penguins","","","EAN 5039036048583","","","https://i.ebayimg.com/images/i/324184927986-0-1/s-l1600.jpg","",""
"5edfd1f07f2fab10183138e2","Ryan's Daughter - Dvd - ","Ryan's Daughter","","","EAN 7321900561136","","","https://i.ebayimg.com/images/i/324184956882-0-1/s-l1600.jpg","",""
"5edfd1f37f2fab10183138e3","Shane Rimmer, Leslie Phillips-out Of Africa (uk Import) Dvd [region 2] ","Shane Rimmer, Leslie Phillips-out Of Africa","","","EAN 5050582047035","","","https://i.ebayimg.com/images/i/114237457950-0-1/s-l1600.jpg","",""
"5edfd1f97f2fab10183138e4","Duchess - P925001000 - Dvd ","Duchess - P925001000","","","EAN 5060002836330","","","https://i.ebayimg.com/images/i/324189082428-0-1/s-l1600.jpg","",""
"5edfd1fc7f2fab10183138e5","Bodyguard - 1000085701 - Dvd ","Bodyguard - 1000085701","","","EAN 7321900336666","","","https://i.ebayimg.com/images/i/383576988905-0-1/s-l1600.jpg","",""
"5ee103347f2fa81788c3e9ed","Play Piano Today! (dvd) ","Play Piano Today!","","","UPC 073999203547","","","http://img.bbystatic.com/BestBuy_US/images/products/1331/13315487.jpg","",""
"5ee103497f2fa81788c3e9ee","Lick Library Learn - Dvd - ","Lick Library Learn","","","EAN 5060088820032","","","https://i.ebayimg.com/images/i/383552893636-0-1/s-l1600.jpg","",""
"5ee103537f2fa81788c3e9ef","Fender Stratocaster Greats [dvd], 9780634061738 ","Fender Stratocaster Greats , 9780634061738","","","ISBN 9780634061738","","","https://i.ebayimg.com/00/s/NjQwWDQ0MA==/z/AToAAOSwwBNatSlH/$_1.JPG?set_id=880000500F","",""
"5ee104637f2fa81788c3e9f0","Quantum Of Solace Blu-ray 2008 Daniel Craig James Bond 007 Movie Classic ","Quantum Of Solace Daniel Craig James Bond 007 Movie Classic","2008","BLURAY","EAN 5039036040761","","","https://i.ebayimg.com/images/i/283885191055-0-1/s-l1600.jpg","",""
"5ee104657f2fa81788c3e9f1","Skyfall (blu-ray Disc) ","Skyfall","","BLURAY","EAN 5039036058315","","","http://img.bbystatic.com/BestBuy_US/images/products/nonsku/default_movies_l.jpg","",""
"5ee104687f2fa81788c3e9f2","Spectre (uk Import) Blu-ray ","Spectre","","BLURAY","EAN 5039036076159","","","https://i.ebayimg.com/images/i/114249831274-0-1/s-l1600.jpg","",""
"5ee104767f2fa81788c3e9f3","Battlestar Galactica - Dvd - ","Battlestar Galactica","","","EAN 5050582427080","","","https://i.ebayimg.com/images/i/383542038602-0-1/s-l1600.jpg","",""
"5ee104797f2fa81788c3e9f4","10017 Dvd - Battlestar Galactica (2004) Season One 2004 8233450 ","10017 - Battlestar Galactica Season One 8233450","2004","","EAN 5050582334500","","","https://i.ebayimg.com/images/i/383204403668-0-1/s-l1600.jpg","",""
"5ee1048c7f2fa81788c3e9f5","26330 Dvd - Die Another Day 007 James Bond [new & Sealed] 2002 23751dvd ","26330 - Die Another Day 007 James Bond 23751dvd","2002","","EAN 5050070009804","","","https://i.ebayimg.com/images/i/362522371403-0-1/s-l1600.jpg","",""
"5ee1048f7f2fa81788c3e9f6","James Bond 007: Dr. No (dvd, 1962, Pal) Region 2 Special 007 Edition ","James Bond 007: Dr. No Region 2 Special 007 Edition","1962","","EAN 5050070002294","","","https://i.ebayimg.com/images/i/293453269083-0-1/s-l1600.jpg","",""
"5ee104917f2fa81788c3e9f7","Sean Connery - From Russia With Lov - 16175dvd - Dvd ","Sean Connery - From Russia With Lov - 16175dvd","","","EAN 5050070002386","","","https://i.ebayimg.com/images/i/383576989657-0-1/s-l1600.jpg","",""
"5ee104937f2fa81788c3e9f8","James Bond - Goldfinger (uk Import) Dvd [region 2] ","James Bond - Goldfinger","","","EAN 5050070002232","","","https://i.ebayimg.com/images/i/133428828920-0-1/s-l1600.jpg","",""
"5ee104957f2fa81788c3e9f9","Thunderball-dvd (uk Import) Dvd [region 2] ","Thunderball","","","EAN 5050070002287","","","https://i.ebayimg.com/images/i/133422797885-0-1/s-l1600.jpg","",""
"5ee104987f2fa81788c3e9fa","You Only Live Twice - You Only Live Twice ","You Only Live Twice - You Only Live Twice","","","EAN 5050070002249","","","https://i.ebayimg.com/images/i/373075356772-0-1/s-l1600.jpg","",""
"5ee1049a7f2fa81788c3e9fb","On Her Majesty`s Secret Service (uk Import) Dvd [region 2] ","On Her Majesty`s Secret Service","","","EAN 5050070002263","","","https://i.ebayimg.com/images/i/114239813773-0-1/s-l1600.jpg","",""
"5ee1049c7f2fa81788c3e9fc","Sean Connery-diamonds Are Forever (uk Import) Dvd [region 2] ","Sean Connery-diamonds Are Forever","","","EAN 5050070002256","","","https://i.ebayimg.com/images/i/363007682326-0-1/s-l1600.jpg","",""
"5ee104a07f2fa81788c3e9fd","Live And Let Die (uk Import) Dvd [region 2] ","Live And Let Die","","","EAN 5050070002270","","","https://i.ebayimg.com/images/i/133407969185-0-1/s-l1600.jpg","",""
"5ee104a37f2fa81788c3e9fe","James Bond 007 - The Man With The Golden Gun Dvd Starring Roger Moore, Rated Pg ","James Bond 007 - The Man With The Golden Gun Starring Roger Moore, Rated Pg","","","EAN 5050070002300","","","https://i.ebayimg.com/images/i/254544040231-0-1/s-l1600.jpg","",""
"5ee104a57f2fa81788c3e9ff","The Spy Who Loved Me Special - The Spy Who Loved Me ","The Spy Who Loved Me Special - The Spy Who Loved Me","","","EAN 5050070002317","","","https://i.ebayimg.com/images/i/383576989168-0-1/s-l1600.jpg","",""
"5ee104a77f2fa81788c3ea00","Moonraker (uk Import) Dvd [region 2] ","Moonraker","","","EAN 5050070002324","","","https://i.ebayimg.com/images/i/363006253659-0-1/s-l1600.jpg","",""
"5ee104a97f2fa81788c3ea01","Roger Moore-for Your Eyes Only [edizione: Regno U (uk Import) Dvd [region 2] ","Roger Moore-for Your Eyes Only","","","EAN 5050070002331","","","https://i.ebayimg.com/images/i/133389220919-0-1/s-l1600.jpg","",""
"5ee104ad7f2fa81788c3ea02","Octopussy (uk Import) Dvd ","Octopussy","","","EAN 5050070004984","","","https://i.ebayimg.com/00/s/NTA1WDM1Nw==/z/1cQAAOSwi4datATL/$_12.PNG?set_id=880000500F","",""
"5ee104af7f2fa81788c3ea03","View To A Kill (uk Import) Dvd [region 2] ","View To A Kill","","","EAN 5050070004991","","","https://i.ebayimg.com/images/i/114205392206-0-1/s-l1600.jpg","",""
"5ee104b27f2fa81788c3ea04","[dvd] Licence To Kill ","Licence To Kill","","","EAN 5050070005318","","","https://i.ebayimg.com/images/i/383077111856-0-1/s-l1600.jpg","",""
"5ee104b67f2fa81788c3ea05","Pierce Brosnan-goldeneye [dvd] [1995] - Pierce Brosnan (uk Import) Cd ","Pierce Brosnan-goldeneye - Pierce Brosnan Cd","1995","","EAN 5050070005240","","","https://i.ebayimg.com/images/i/114230182895-0-1/s-l1600.jpg","",""
"5ee104b87f2fa81788c3ea06","Pierce Brosnan-tomorrow Never Dies (uk Import) Dvd [region 2] ","Pierce Brosnan-tomorrow Never Dies","","","EAN 5050070005257","","","https://i.ebayimg.com/images/i/114205392230-0-1/s-l1600.jpg","",""
"5ee104ba7f2fa81788c3ea07","The World Is Not Enough [dvd] [1999] ","The World Is Not Enough","1999","","EAN 5050070002430","","","https://i.ebayimg.com/images/i/223867721425-0-1/s-l1600.jpg","",""
"5ee104bf7f2fa81788c3ea08","Daniel Craig, Eva Green-casino Royale (uk Import) Dvd [region 2] ","Daniel Craig, Eva Green-casino Royale","","","EAN 5035822350878","","","https://i.ebayimg.com/images/i/114144375743-0-1/s-l1600.jpg","",""
"5ee104ea7f2fa81788c3ea09","South Park: Bigger, Longer & Uncut (dvd) ","South Park: Bigger, Longer & Uncut","","","UPC 097363368243","","","http://img.bbystatic.com/BestBuy_US/images/products/3786/3786139.jpg","",""
"5ee104f07f2fa81788c3ea0a","MRS BROWN'S BOYS ","MRS BROWN'S BOYS","","","EAN 5050582828238","","","https://i5.walmartimages.com/asr/0cf485d4-8fd5-4164-8816-7fb7a2505999_1.c0b053338fbf6dac63abeac82de4051e.jpeg?odnHeight=450&odnWidth=450&odnBg=ffffff","",""
"5ee105117f2fa81788c3ea0b","[dvd] Black Books 2: The Complete 2nd Series ","Black Books 2: The Complete 2nd Series","","","EAN 5014138070243","","","https://i.ebayimg.com/images/i/233238949286-0-1/s-l1600.jpg","",""
"5ee105137f2fa81788c3ea0c","Black Books: Series 1-3 Dvd (2006) Bill Bailey ","Black Books: Series 1-3 Bill Bailey","2006","","EAN 5014138071486","","","https://i.ebayimg.com/images/i/383204145640-0-1/s-l1600.jpg","",""
"5ee105167f2fa81788c3ea0d","Black Books Complete Series One, Very Good Dvd, , ","Black Books Complete Series One, Very Good","","","EAN 5014138069117","","","https://i.ebayimg.com/images/i/292986503456-0-1/s-l1600.jpg","",""
"5ee105187f2fa81788c3ea0e","Friends, Series 7 - Episodes 13-16 [dvd] [1995] By Jennifer Aniston,courteney. ","Friends, Series 7 - Episodes 13-16 By Jennifer Aniston,courteney.","1995","","EAN 7321900213455","","","https://i.ebayimg.com/images/i/293589687278-0-1/s-l1600.jpg","",""
"5ee1051c7f2fa81788c3ea0f","Friends - Series 8 - Episodes 13-16 [dvd], Very Good Dvd, Harry Van Gorkum, Jame ","Friends - Series 8 - Episodes 13-16 , Very Good , Harry Van Gorkum, Jame","","","EAN 7321900225090","","","https://i.ebayimg.com/images/i/293296533661-0-1/s-l1600.jpg","",""
"5ee105207f2fa81788c3ea10","Friends: Series 8 - Episodes 1-4 [dvd], Very Good Dvd, Bonnie Sommerville, Eddie ","Friends: Series 8 - Episodes 1-4 , Very Good , Bonnie Sommerville, Eddie","","","EAN 7321900225069","","","https://i.ebayimg.com/images/i/383331247499-0-1/s-l1600.jpg","",""
"5ee105227f2fa81788c3ea11","Friends: Series 8 - Episodes 5-8 [dvd], Very Good Dvd, Ron Liebman, James Michae ","Friends: Series 8 - Episodes 5-8 , Very Good , Ron Liebman, James Michae","","","EAN 7321900225076","","","https://i.ebayimg.com/images/i/303291312053-0-1/s-l1600.jpg","",""
"5ee105247f2fa81788c3ea12","Friends - Series 8 - Episodes 21-23 [dvd], Very Good Dvd, Eddie Mcclintock, Debi ","Friends - Series 8 - Episodes 21-23 , Very Good , Eddie Mcclintock, Debi","","","EAN 7321900225113","","","https://i.ebayimg.com/images/i/383331247162-0-1/s-l1600.jpg","",""
"5ee105287f2fa81788c3ea13","Friends Series 7 Episodes 21-23 Dvd Brand Sealed ","Friends Series 7 Episodes 21-23 Brand Sealed","","","EAN 7321900212144","","","https://i.ebayimg.com/images/i/183589457967-0-1/s-l1600.jpg","",""
"5ee1052a7f2fa81788c3ea14","Friends Series 8 Ep 17-20 - Jennifer Aniston, Matthew Perry, Courtney Cox, Lisa ","Friends Series 8 Ep 17-20 - Jennifer Aniston, Matthew Perry, Courtney Cox, Lisa","","","EAN 7321900225106","","","https://i.ebayimg.com/images/i/383331247078-0-1/s-l1600.jpg","",""
"5ee1052c7f2fa81788c3ea15","Friends - Season 7 - Episodes 9-12 Dvd (d021344) ","Friends - Season 7 - Episodes 9-12","","","EAN 7321900213448","","","https://i.ebayimg.com/images/i/362450943696-0-1/s-l1600.jpg","",""
"5ee105307f2fa81788c3ea16","Tv-friends Series 7 Ep 17-20 Dvd-warner, Do21213, Digi Pal Region 2 ","Tv-friends Series 7 Ep 17-20 -warner, Do21213, Digi Pal Region 2","","","EAN 7321900212137","","","http://i.ebayimg.com/00/s/NTAwWDUwMA==/z/O6wAAOSwa~BYUkul/$_1.JPG?set_id=8800005007","",""
"5ee105467f2fa81788c3ea17","Futurama Season 3 - Dvd - ","Futurama Season 3","","","EAN 5039036013062","","","https://i.ebayimg.com/images/i/373070957147-0-1/s-l1600.jpg","",""
"5ee1054c7f2fa81788c3ea18","Futurama: Season 4 (uk Import) Dvd ","Futurama: Season 4","","","EAN 5039036013116","","","https://i.ebayimg.com/images/i/132907277408-0-1/s-l1600.jpg","",""
"5ee105517f2fa81788c3ea19","Dvd Box Set Family Guy Season Five B723 ","Box Set Family Guy Season Five B723","","","EAN 5039036028462","","","https://i.ebayimg.com/images/i/383521512503-0-1/s-l1600.jpg","",""
"5ee105557f2fa81788c3ea1a","Family Guy Season 4 - Dvd - ","Family Guy Season 4","","","EAN 5039036026079","","","https://i.ebayimg.com/images/i/324184927161-0-1/s-l1600.jpg","",""
"5ee105597f2fa81788c3ea1b","Family Guy - Season 8 Dvd (4109201000) ","Family Guy - Season 8","","","EAN 5039036041126","","","https://i.ebayimg.com/images/i/383204406458-0-1/s-l1600.jpg","",""
"5ee1055e7f2fa81788c3ea1c","Family Guy - Season 3 [dvd] [1999] By Seth Macfarlane,alex Borstein. ","Family Guy - Season 3 By Seth Macfarlane,alex Borstein.","1999","","EAN 5039036013253","","","https://i.ebayimg.com/images/i/382947701585-0-1/s-l1600.jpg","",""
"5ee105657f2fa81788c3ea1d","Family Guy - Happy Freakin' Christmas (dvd, 2006) ","Family Guy - Happy Freakin' Christmas","2006","","EAN 5039036023351","","","https://i.ebayimg.com/images/i/324123875211-0-1/s-l1600.jpg","",""
"5ee105697f2fa81788c3ea1e","Family Guy Season One Two Disc's Brand Dvd ","Family Guy Season One Two Disc's Brand","","","EAN 5039036007801","","","https://i.ebayimg.com/images/i/184234562523-0-1/s-l1600.jpg","",""
"5ee1056e7f2fa81788c3ea1f","Family Guy Season 2 - Dvd - ","Family Guy Season 2","","","EAN 5039036011051","","","https://i.ebayimg.com/images/i/383570964295-0-1/s-l1600.jpg","",""
"5ee106037f2fa81788c3ea20","Tom Cruise, Jeremy Renner-mission Impossible: Ghost Prot (uk Import) Blu-ray ","Tom Cruise, Jeremy Renner-mission Impossible: Ghost Prot","","BLURAY","EAN 5051368233338","","","https://i.ebayimg.com/images/i/114066379746-0-1/s-l1600.jpg","",""
"5ee106047f2fa81788c3ea21","Mission Impossible 5 - Blu-ray - ","Mission Impossible 5","","BLURAY","EAN 5051368264431","","","https://i.ebayimg.com/images/i/383570964241-0-1/s-l1600.jpg","",""
"5ee106067f2fa81788c3ea22","Mission Impossible Fallout (uk Import) Blu-ray ","Mission Impossible Fallout","","BLURAY","EAN 5053083158804","","","https://i.ebayimg.com/images/i/114249703898-0-1/s-l1600.jpg","",""
"5ee106087f2fa81788c3ea23","Dvd Film Gladiator Widescreen Spectacular 2 Disc Region 2 B36 ","Film Gladiator Widescreen Spectacular 2 Disc Region 2 B36","","","EAN 5035822009844","","","https://i.ebayimg.com/images/i/153889361381-0-1/s-l1600.jpg","",""
"5ee1060d7f2fa81788c3ea24","Master And Commander - 24240dvd - Dvd ","Master And Commander - 24240dvd","","","EAN 5039036015820","","","https://i.ebayimg.com/images/i/324189082147-0-1/s-l1600.jpg","",""
"5ee106117f2fa81788c3ea25","Kill Bill Vol.1:uma Thurman,david Carradine,lucy Liu,daryl Hannah (dvd, 2004) ","Kill Bill Vol.1:uma Thurman,david Carradine,lucy Liu,daryl Hannah","2004","","EAN 5017188812733","","","https://i.ebayimg.com/images/i/153943107255-0-1/s-l1600.jpg","",""
"5ee106137f2fa81788c3ea26","Quentin Tarantino - Kill Bill Volume 2 - Bed881274 ","Quentin Tarantino - Kill Bill Volume 2 - Bed881274","","","EAN 5017188812740","","","https://i.ebayimg.com/images/i/324191957350-0-1/s-l1600.jpg","",""
"5ee106157f2fa81788c3ea27","Air Force One - Dvd - ","Air Force One","","","EAN 5017188883153","","","https://i.ebayimg.com/images/i/324188879762-0-1/s-l1600.jpg","",""
"5ee106177f2fa81788c3ea28","Clint Eastwood, Lee Van Cleef-clint Eastwood Coll (uk Import) Dvd [region 2] ","Clint Eastwood, Lee Van Cleef-clint Eastwood Coll","","","EAN 5039036034692","","","https://i.ebayimg.com/images/i/133426511918-0-1/s-l1600.jpg","",""
"5ee1061e7f2fa81788c3ea29","[dvd] Underworld & Underworld Evolution ","Underworld & Underworld Evolution","","","EAN 5017239194047","","","https://i.ebayimg.com/images/i/123689846175-0-1/s-l1600.jpg","",""
"5ee106257f2fa81788c3ea2a","The Sixth Sense [DVD] [1999] ","The Sixth Sense","1999","","UPC 717951004925","","","https://pisces.bbystatic.com/image2/BestBuy_US/images/products/3864/3864955_sa.jpg","",""
"5ee106417f2fa81788c3ea2b","Blade (DVD) ","Blade","","","UPC 794043470929","","","https://i5.walmartimages.com/asr/257e423c-ff1f-44dd-bf10-6693734504c6_1.98da592f01102245e1ffd3dcaf668d5a.jpeg?odnHeight=450&odnWidth=450&odnBg=ffffff","",""
"5ee106457f2fa81788c3ea2c","Saving Private Ryan - Phe8040 - Dvd ","Saving Private Ryan - Phe8040","","","EAN 5014437804037","","","https://i.ebayimg.com/images/i/324189083202-0-1/s-l1600.jpg","",""
"5ee106487f2fa81788c3ea2d","The Seventh Sign [dvd] [2000] By Demi Moore,michael Biehn,juan Ruiz Anchía,ka. ","The Seventh Sign By Demi Moore,michael Biehn,juan Ruiz Anchía,ka.","2000","","EAN 5035822136731","","","https://i.ebayimg.com/images/i/293484011504-0-1/s-l1600.jpg","",""
"5ee1064b7f2fa81788c3ea2e","Ridley Scott - Hannibal - Udr90121 - Dvd ","Ridley Scott - Hannibal - Udr90121","","","EAN 5035822012141","","","https://i.ebayimg.com/images/i/324189082358-0-1/s-l1600.jpg","",""
"5ee1066f7f2fa81788c3ea2f","Death Wish (uk Import) Blu-ray ","Death Wish","","BLURAY","EAN 5053083165130","","","https://i.ebayimg.com/images/i/133430327309-0-1/s-l1600.jpg","",""
"5ee106727f2fa81788c3ea30","Dunkirk - Blu-ray - ","Dunkirk","","BLURAY","EAN 5051892205504","","","https://i.ebayimg.com/images/i/373070958232-0-1/s-l1600.jpg","",""
"5ee106767f2fa81788c3ea31","The Fog <region B Bluray, Sealed> ","The Fog","","BLURAY","EAN 5055201841223","","","https://i.ebayimg.com/images/i/392825855760-0-1/s-l1600.jpg","",""
"5ee1067a7f2fa81788c3ea32","Paycheck Dvd ","Paycheck","","","EAN 5050583010595","","","https://i.ebayimg.com/images/i/184234562554-0-1/s-l1600.jpg","",""
"5ee1067d7f2fa81788c3ea33","Goonies - Blu-ray - ","Goonies","","BLURAY","EAN 7321900115278","","","https://i.ebayimg.com/images/i/373071003336-0-1/s-l1600.jpg","",""
"5ee1067f7f2fa81788c3ea34","The Last Of The Mohicans [blu-ray] [1992] [region Free] By Daniel Day Lewis. ","The Last Of The Mohicans By Daniel Day Lewis.","1992","BLURAY","EAN 5051892011983","","","https://i.ebayimg.com/images/i/392813621224-0-1/s-l1600.jpg","",""
"5ee106857f2fa81788c3ea35","Cloverfield (blu-ray Disc) ","Cloverfield","","BLURAY","EAN 5051368202532","","","http://img.bbystatic.com/BestBuy_US/images/products/nonsku/default_movies_l.jpg","",""
"5ee106bb7f2fa81788c3ea36","Ray [dvd] [2004] ","Ray","2004","","EAN 5050582393675","","","https://i.ebayimg.com/images/i/274268461626-0-1/s-l1600.jpg","",""
"5ee106c07f2fa81788c3ea37","Stuart Little Dvd - Dvd - ","Stuart Little","","","EAN 5035822880948","","","https://i.ebayimg.com/images/i/324184926833-0-1/s-l1600.jpg","",""
"5ee106c47f2fa81788c3ea38","Joanna Lumley, David Mccallum-sapphire And Steel: (uk Import) Dvd [region 2] ","Joanna Lumley, David Mccallum-sapphire And Steel","","","EAN 5027626283643","","","https://i.ebayimg.com/images/i/114246280234-0-1/s-l1600.jpg","",""
"5ee106c87f2fa81788c3ea39","Animation - The Simpsons The M - 3462501000 - Dvd ","Animation - The Simpsons The M - 3462501000","","","EAN 5039036035743","","","https://i.ebayimg.com/images/i/324189082164-0-1/s-l1600.jpg","",""
"5ee106cb7f2fa81788c3ea3a","Ratatouille : 2 Disc Collector's Edition Disney Pixar Dvd - Vgc (free Uk P&p) ","Ratatouille : 2 Disc Collector's Edition Disney Pixar - Vgc","","","EAN 8717418150426","","","https://i.ebayimg.com/images/i/293110623855-0-1/s-l1600.jpg","",""
"5ee106cf7f2fa81788c3ea3b","Finding Nemo [DVD, 2-Disc Set] ","Finding Nemo","","","UPC 786936215595","","","https://i5.walmartimages.com/asr/29ef8385-79b8-48aa-9d11-c8f746345440_1.7b96919bfca504c6182f154815f9feec.jpeg?odnHeight=450&odnWidth=450&odnBg=ffffff","",""
"5ee106d37f2fa81788c3ea3c","Monsters, Inc. (uk Import) Dvd [region 2] ","Monsters, Inc.","","","EAN 5017188883986","","","https://i.ebayimg.com/images/i/133433270696-0-1/s-l1600.jpg","",""
"5ee106d67f2fa81788c3ea3d","Shrek The Third : 2-disc Edition (shrek 3) [dvd] By Mike Myers,eddie Murphy. ","Shrek The Third : 2-disc Edition By Mike Myers,eddie Murphy.","","","EAN 5051189134432","","","https://i.ebayimg.com/images/i/383097758164-0-1/s-l1600.jpg","",""
"5ee106dd7f2fa81788c3ea3e","Shrek (dvd,2001) Mike Myers, Cameron Diaz, Eddie Murphy ","Shrek Mike Myers, Cameron Diaz, Eddie Murphy","2001","","UPC 667068824421","","","https://i.ebayimg.com/images/i/143623120258-0-1/s-l1600.jpg","",""
"5ee106df7f2fa81788c3ea3f","Shrek 2 Dvd (2004) Andrew Adamson Cert U. ","Shrek 2 Andrew Adamson Cert U.","2004","","EAN 5050583014197","","","https://i.ebayimg.com/images/i/153932159243-0-1/s-l1600.jpg","",""
"5ee106e27f2fa81788c3ea40","Cats And Dogs - Dvd - ","Cats And Dogs","","","EAN 7321900212533","","","https://i.ebayimg.com/images/i/324187009988-0-1/s-l1600.jpg","",""
"5ee106e57f2fa81788c3ea41","Wallace & Gromit The Curse Of The Were-rabbit Dvd - 2 Disc Special Edition ","Wallace & Gromit The Curse Of The Were-rabbit - 2 Disc Special Edition","","","EAN 5050583026121","","","https://i.ebayimg.com/images/i/143573130235-0-1/s-l1600.jpg","",""
"5ee106e77f2fa81788c3ea42","Garfield - The Movie - 25007dvd - Dvd ","Garfield - The Movie - 25007dvd","","","EAN 5039036018746","","","https://i.ebayimg.com/images/i/383576989408-0-1/s-l1600.jpg","",""
"5ee106ed7f2fa81788c3ea43","Shrek Forever After - Dsa1380 - Dvd ","Shrek Forever After - Dsa1380","","","EAN 5051189138034","","","https://i.ebayimg.com/images/i/383576988762-0-1/s-l1600.jpg","",""
"5ee106ef7f2fa81788c3ea44","Wall-e (2 Disc) (blu-ray Disc) ","Wall-e","","BLURAY","EAN 8717418178147","","","http://img.bbystatic.com/BestBuy_US/images/products/nonsku/default_movies_l.jpg","",""
"5ee106f37f2fa81788c3ea45","Id2z - Smokin' Aces - Dvd - ","Id2z - Smokin' Aces","","","EAN 5050582487138","","","https://i.ebayimg.com/images/i/324185332883-0-1/s-l1600.jpg","",""
"5ee106f67f2fa81788c3ea46","Reservoir Dogs Dvd ","Reservoir Dogs","","","EAN 5060116720785","","","https://i.ebayimg.com/images/i/184234549152-0-1/s-l1600.jpg","",""
"5ee106f87f2fa81788c3ea47","Scarface - & Sealed Region 2 Dvd - Al Pacino, Michelle Pfeiffer - De Palma ","Scarface - & Sealed Region 2 - Al Pacino, Michelle Pfeiffer - De Palma","","","EAN 5050582286960","","","https://i.ebayimg.com/images/i/293605660966-0-1/s-l1600.jpg","",""
"5ee106fc7f2fa81788c3ea48","Face/off [dvd][ws/dolby Digital/english 6.1/eng Dol-nla (Paramount) ","Face/off","","","UPC 097361549576","","","https://i5.walmartimages.com/asr/93b6d5d5-6dd9-4b6b-b910-65f944aa0209_1.e88775fdd066d0c136b3ff5198a6ece7.jpeg?odnHeight=450&odnWidth=450&odnBg=ffffff","",""
"5ee107027f2fa81788c3ea49","Peacemaker [DVD] ","Peacemaker","","","UPC 667068416022","","","https://i5.walmartimages.com/asr/e5b99aa3-cac9-4c97-b41b-8608501967e9_1.7a837386232c39964efd3255c5b11ada.jpeg?odnHeight=450&odnWidth=450&odnBg=ffffff","",""
"5ee107057f2fa81788c3ea4a","Hostage Dvd - Edv9315 - Dvd ","Hostage - Edv9315","","","EAN 5017239193156","","","https://i.ebayimg.com/images/i/373075356568-0-1/s-l1600.jpg","",""
"5ee107097f2fa81788c3ea4b","Id59z - Paul Walker - 2 Fast 2 Furious - Dvd - ","Id59z - Paul Walker - 2 Fast 2 Furious","","","EAN 5050582063233","","","https://i.ebayimg.com/images/i/324184788783-0-1/s-l1600.jpg","",""
"5ee1070e7f2fa81788c3ea4c","Chris O'donnell - Vertical Limit - Cdr30444 - Dvd ","Chris O'donnell - Vertical Limit - Cdr30444","","","EAN 5035822044432","","","https://i.ebayimg.com/images/i/373075357356-0-1/s-l1600.jpg","",""
"5ee107107f2fa81788c3ea4d","Taken - 3627701000 - Dvd ","Taken - 3627701000","","","EAN 5039036040396","","","https://i.ebayimg.com/images/i/373075358308-0-1/s-l1600.jpg","",""
"5ee107157f2fa81788c3ea4e","Nico - Above The Law: Steven Seagal, Sharon Stone (dvd, 1999) ","Nico - Above The Law: Steven Seagal, Sharon Stone","1999","","EAN 7321900117869","","","https://i.ebayimg.com/images/i/153883073944-0-1/s-l1600.jpg","",""
"5ee107187f2fa81788c3ea4f","Collateral Dvd (vg) ","Collateral","","","EAN 5014437862037","","","https://i.ebayimg.com/images/i/283904582388-0-1/s-l1600.jpg","",""
"5ee1071d7f2fa81788c3ea50","Traffic <region 2 Dvd, Sealed> ","Traffic","","","EAN 5017239191077","","","https://i.ebayimg.com/images/i/392824680868-0-1/s-l1600.jpg","",""
"5ee107207f2fa81788c3ea51","Swordfish ( (DVD)) ","Swordfish","","","UPC 085392132225","","","https://i5.walmartimages.com/asr/2af2eaf6-f25d-4a67-82fc-d5432c98d11c_1.d48771a061ec6236b6c7e094107222a4.jpeg?odnHeight=450&odnWidth=450&odnBg=ffffff","",""
"5ee107237f2fa81788c3ea52","Antitrust [dvd] [2001], Very Good Dvd, Ned Bellamy, Nate Dushku, Yee Jee Tso, Ty ","Antitrust , Very Good , Ned Bellamy, Nate Dushku, Yee Jee Tso, Ty","2001","","EAN 5050070007251","","","https://i.ebayimg.com/images/i/333249227444-0-1/s-l1600.jpg","",""
"5ee1072a7f2fa81788c3ea53","Mission: Impossible 2 (Widescreen) ","Mission: Impossible 2","","","UPC 097363348740","","","https://i5.walmartimages.com/asr/7ae406d1-4c71-450d-ae27-59f556fd5b2e_1.62c2cca1e7ac6bead35c85a574dd806b.jpeg?odnHeight=450&odnWidth=450&odnBg=ffffff","",""
"5ee1072c7f2fa81788c3ea54","Mission Impossible 3 - Id54z - Blu-ray - ","Mission Impossible 3 - Id54z","","BLURAY","EAN 5051368204635","","","https://i.ebayimg.com/images/i/383468634645-0-1/s-l1600.jpg","",""
"5ee107807f2fa81788c3ea55","Dante's Peak (blu-ray Disc) ","Dante's Peak","","BLURAY","EAN 5050582797893","","","http://img.bbystatic.com/BestBuy_US/images/products/nonsku/default_movies_l.jpg","",""
"5ee107837f2fa81788c3ea56","The Day After Tomorrow (blu-ray Disc) ","The Day After Tomorrow","","BLURAY","EAN 5039036032247","","","http://img.bbystatic.com/BestBuy_US/images/products/nonsku/default_movies_l.jpg","",""
"5ee107857f2fa81788c3ea57","Philip Seymour Hoffman, Hel...-twister (uk Import) Blu-ray ","Philip Seymour Hoffman, Hel...-twister","","BLURAY","EAN 5050582708196","","","https://i.ebayimg.com/images/i/362998366752-0-1/s-l1600.jpg","",""
"5ee107887f2fa81788c3ea58","Geena Davis-long Kiss Goodnight (uk Import) Dvd ","Geena Davis-long Kiss Goodnight","","","EAN 5017239190063","","","https://i.ebayimg.com/images/i/132871688796-0-1/s-l1600.jpg","",""
"5ee1078d7f2fa81788c3ea59","The Motorcycle Diaries [blu-ray], 6867445000996, Gael García Bernal, Rodrigo De. ","The Motorcycle Diaries , 6867445000996, Gael García Bernal, Rodrigo De.","","BLURAY","EAN 6867445000996","","","https://i.ebayimg.com/images/i/372556327448-0-1/s-l1600.jpg","",""
"5ee107907f2fa81788c3ea5a","Maze Runner Chapter - Blu-ray - ","Maze Runner Chapter","","BLURAY","EAN 5039036075442","","","https://i.ebayimg.com/images/i/324184948855-0-1/s-l1600.jpg","",""
"5ee107937f2fa81788c3ea5b","Django Unchained (blu-ray) [2013], 5051124175599 ","Django Unchained , 5051124175599","2013","BLURAY","EAN 5051124175599","","","https://i.ebayimg.com/images/i/362716573200-0-1/s-l1600.jpg","",""
"5ee107957f2fa81788c3ea5c","The Ninth Gate (Blu-ray) ","The Ninth Gate","","BLURAY","UPC 012236104353","","","https://i5.walmartimages.com/asr/aa27039c-7e32-4f26-a6e3-1cec376be268_1.49e6b3baea62f83a77bf9513832f307e.jpeg?odnHeight=450&odnWidth=450&odnBg=ffffff","",""
"5ee107987f2fa81788c3ea5d","The Hateful Eight Blu-ray 2015 Western Starring Kurt Russell W/ Slipcover ","The Hateful Eight Western Starring Kurt Russell W/ Slipcover","2015","BLURAY","EAN 5017239152641","","","https://i.ebayimg.com/images/i/283905691062-0-1/s-l1600.jpg","",""
"5ee1079b7f2fa81788c3ea5e","The Divergent Series - Divergent :official Uk Dvd - Sealed: ","The Divergent Series - Divergent :official Uk - Sealed","","","EAN 5030305518158","","","https://i.ebayimg.com/images/i/333599250141-0-1/s-l1600.jpg","",""
"5ee1079d7f2fa81788c3ea5f","Transcendence Blu-ra - Blu-ray - ","Transcendence Blu-ra","","BLURAY","EAN 5017239152429","","","https://i.ebayimg.com/images/i/373070957703-0-1/s-l1600.jpg","",""
"5ee1079f7f2fa81788c3ea60","Robocop Trilogy (blu-ray, 2010, 3-disc Set) ","Robocop Trilogy","2010","BLURAY","EAN 5039036045117","","","https://i.ebayimg.com/images/i/223599315821-0-1/s-l1600.jpg","",""
"5ee107a17f2fa81788c3ea61","Robocop - Blu-ray - ","Robocop","","BLURAY","EAN 5055201822994","","","https://i.ebayimg.com/images/i/383571038026-0-1/s-l1600.jpg","",""
"5ee107a67f2fa81788c3ea62","Legend Of Tarzan - Blu-ray - ","Legend Of Tarzan","","BLURAY","EAN 5051892196307","","","https://i.ebayimg.com/images/i/383557416720-0-1/s-l1600.jpg","",""
"5ee107d77f2fa81788c3ea63","Independence Day Resurg (uk Import) Dvd [region 2] ","Independence Day Resurg","","","EAN 5039036077576","","","https://i.ebayimg.com/images/i/114244662898-0-1/s-l1600.jpg","",""
"5ee107e17f2fa81788c3ea64","10637 Dvd - The Time Machine 2002 D022191 ","10637 - The Time Machine D022191","2002","","EAN 7321900221917","","","https://i.ebayimg.com/images/i/392552789510-0-1/s-l1600.jpg","",""
"5ee107e47f2fa81788c3ea65","A.i. - Dvd - ","A.i.","","","EAN 7321900213301","","","https://i.ebayimg.com/images/i/324184983454-0-1/s-l1600.jpg","",""
"5ee107e67f2fa81788c3ea66","The 6th Day (dvd, 2004) ","The 6th Day","2004","","EAN 5035822099036","","","https://i.ebayimg.com/images/i/254620275406-0-1/s-l1600.jpg","",""
"5ee107fe7f2fa81788c3ea67","28153 Dvd - Total Recall [new & Sealed] 1990 Mp026d ","28153 - Total Recall Mp026d","1990","","EAN 5060021171269","","","https://i.ebayimg.com/00/s/NTA1WDM1Nw==/z/DucAAOSwO4pabFNL/$_12.PNG?set_id=880000500F","",""
"5ee108027f2fa81788c3ea68","Stargate Director`s Cut Dvd New/sealed ","Stargate Director`s Cut New/sealed","","","EAN 5060021175137","","","https://i.ebayimg.com/images/i/283833901255-0-1/s-l1600.jpg","",""
"5ee108067f2fa81788c3ea69","Deep Impact Blu-ray 1998 Killer Meteor Sci-fi Disaster Movie W/ Morgan Freeman ","Deep Impact Killer Meteor Sci-fi Disaster Movie W/ Morgan Freeman","1998","BLURAY","EAN 5051368212012","","","https://i.ebayimg.com/images/i/283858180033-0-1/s-l1600.jpg","",""
"5ee1080a7f2fa81788c3ea6a","I Am Legend (2 Disc) (blu-ray Disc) ","I Am Legend","","BLURAY","EAN 7321900176354","","","http://img.bbystatic.com/BestBuy_US/images/products/nonsku/default_movies_l.jpg","",""
"5ee1080c7f2fa81788c3ea6b","Contagion Blu-ray (2012) Matt Damon Sealed Inc Slip Cover ","Contagion Matt Damon Sealed Inc Slip Cover","2012","BLURAY","EAN 5051892074216","","","https://i.ebayimg.com/images/i/323398264186-0-1/s-l1600.jpg","",""
"5ee1080f7f2fa81788c3ea6c","Battle Los Angeles Blu Ray (vg) ","Battle Los Angeles","","BLURAY","EAN 5050629938432","","","https://i.ebayimg.com/images/i/283893352430-0-1/s-l1600.jpg","",""
"5ee108107f2fa81788c3ea6d","Lone Ranger (blu-ray Disc) ","Lone Ranger","","BLURAY","EAN 8717418413323","","","http://img.bbystatic.com/BestBuy_US/images/products/nonsku/default_movies_l.jpg","",""
"5ee108127f2fa81788c3ea6e","Lockout Blu-ray - Blu-ray - ","Lockout","","BLURAY","EAN 5017239151996","","","https://i.ebayimg.com/images/i/373070957642-0-1/s-l1600.jpg","",""
"5ee108147f2fa81788c3ea6f","Beyond Skyline - Blu-ray - ","Beyond Skyline","","BLURAY","EAN 5060262856178","","","https://i.ebayimg.com/images/i/324184927268-0-1/s-l1600.jpg","",""
"5ee108177f2fa81788c3ea70","Skyline Blu-ray - Id54z - Blu-ray - ","Skyline - Id54z","","BLURAY","EAN 5060116726282","","","https://i.ebayimg.com/images/i/383468634347-0-1/s-l1600.jpg","",""
"5ee1081b7f2fa81788c3ea71","Elysium (blu-ray Disc) ","Elysium","","BLURAY","EAN 5051124329695","","","http://img.bbystatic.com/BestBuy_US/images/products/nonsku/default_movies_l.jpg","",""
"5ee108207f2fa81788c3ea72","Claire Tran, Min-sik Choi-lucy (uk Import) Blu-ray ","Claire Tran, Min-sik Choi-lucy","","BLURAY","EAN 5053083016159","","","https://i.ebayimg.com/images/i/133416533863-0-1/s-l1600.jpg","",""
"5ee108247f2fa81788c3ea73","Tom Cruise, Dakota Fanning-war Of The Worlds (uk Import) Blu-ray ","Tom Cruise, Dakota Fanning-war Of The Worlds","","BLURAY","EAN 5051368216812","","","https://i.ebayimg.com/images/i/114249586993-0-1/s-l1600.jpg","",""
"5ee108267f2fa81788c3ea74","Dune (uk Import) Dvd [region 2] ","Dune","","","EAN 5038456250002","","","https://i.ebayimg.com/images/i/114203948608-0-1/s-l1600.jpg","",""
"5ee108287f2fa81788c3ea75","Core - Phe8261 - Dvd ","Core - Phe8261","","","EAN 5014437826138","","","https://i.ebayimg.com/images/i/383576990167-0-1/s-l1600.jpg","",""
"5ee1082b7f2fa81788c3ea76","Terminator 2: Judgment Day (dvd) ","Terminator 2: Judgment Day","","","UPC 012236044109","","","http://img.bbystatic.com/BestBuy_US/images/products/3117/3117157_sc.jpg","",""
"5ee1082d7f2fa81788c3ea77","Terminator 3 - Rise - Cdr34144 - Dvd ","Terminator 3 - Rise - Cdr34144","","","EAN 5035822414433","","","https://i.ebayimg.com/images/i/383576989584-0-1/s-l1600.jpg","",""
"5ee1082f7f2fa81788c3ea78","Terminator 2 - Judgment Day (skynet Edition) [1991] [blu-ray], 5055201808509, A. ","Terminator 2 - Judgment Day , 5055201808509, A.","1991","BLURAY","EAN 5055201808509","","","https://i.ebayimg.com/00/s/ODk0WDk1MA==/z/VwUAAOSw8GFamrGk/$_57.JPG?set_id=8800005007","",""
"5ee108327f2fa81788c3ea79","Terminator Salvation - Directors Cut <region B Bluray, Sealed> ","Terminator Salvation - Directors Cut","","BLURAY","EAN 5050629142617","","","https://i.ebayimg.com/images/i/164230142114-0-1/s-l1600.jpg","",""
"5ee108357f2fa81788c3ea7a","Natalie Portman, Hugo Weaving-v For Vendetta (uk Import) Dvd [region 2] ","Natalie Portman, Hugo Weaving-v For Vendetta","","","EAN 7321900824835","","","https://i.ebayimg.com/images/i/133430533995-0-1/s-l1600.jpg","",""
"5ee1084d7f2fa81788c3ea7b","Starship Troopers (blu-ray Disc) ","Starship Troopers","","BLURAY","EAN 8717418129217","","","http://img.bbystatic.com/BestBuy_US/images/products/nonsku/default_movies_l.jpg","",""
"5ee108527f2fa81788c3ea7c","The X Files Movie Special Edition Dvd Used ","The X Files Movie Special Edition Used","","","EAN 5039036000369","","","https://i.ebayimg.com/images/i/223974172309-0-1/s-l1600.jpg","",""
"5ee108547f2fa81788c3ea7d","Jennifer Connelly, Keanu Re...-day The Earth Stoo (uk Import) Dvd [region 2] ","Jennifer Connelly, Keanu Re...-day The Earth Stoo","","","EAN 5039036040945","","","https://i.ebayimg.com/images/i/133408967426-0-1/s-l1600.jpg","",""
"5ee108597f2fa81788c3ea7e","Total Recall Blu-ray - Id54z - Blu-ray - ","Total Recall - Id54z","","BLURAY","EAN 5051124329398","","","https://i.ebayimg.com/images/i/324107215763-0-1/s-l1600.jpg","",""
"5ee1085c7f2fa81788c3ea7f","Hancock Dvd - Cdr47152 - Dvd ","Hancock - Cdr47152","","","EAN 5035822715233","","","https://i.ebayimg.com/images/i/324189084112-0-1/s-l1600.jpg","",""
"5ee108607f2fa81788c3ea80","Island - 1000086149 - Dvd ","Island - 1000086149","","","EAN 7321900717304","","","https://i.ebayimg.com/images/i/324189083965-0-1/s-l1600.jpg","",""
"5ee108807f2fa81788c3ea81","Species 2 (2000) - ﻿region 2 (uk) Dvd - Free Uk 1st Class P&p ","Species 2 - ﻿region 2 - Free Uk 1st Class P&p","2000","","EAN 5050070000221","","","https://i.ebayimg.com/images/i/123689771851-0-1/s-l1600.jpg","",""
"5ee1088f7f2fa81788c3ea82","--species Dvd (uk Import) Dvd ","species","","","EAN 5050070000214","","","http://i.ebayimg.com/00/s/NTA1WDM1MQ==/z/KGQAAOSwIWVY8ujg/$_12.PNG?set_id=880000500F","",""
"5ee108917f2fa81788c3ea83","Bicentennial Man [dvd] [2000] By Robin Williams,embeth Davidtz,chris Columbus. ","Bicentennial Man By Robin Williams,embeth Davidtz,chris Columbus.","2000","","EAN 5035822019836","","","https://i.ebayimg.com/images/i/362784771718-0-1/s-l1600.jpg","",""
"5ee108937f2fa81788c3ea84","Charlton Heston As George Taylor; Roddy Mcdowall As Corneli - Planet Of The Apes ","Charlton Heston As George Taylor; Roddy Mcdowall As Corneli - Planet Of The Apes","","","EAN 5039036016810","","","http://ecx.images-amazon.com/images/I/51t6PyIO1wL._SL160_.jpg","",""
"5ee108967f2fa81788c3ea85","Planet Of The Apes - War For The Planet Of The Apes + <region B Bluray, Sealed> ","Planet Of The Apes - War For The Planet Of The Apes","","BLURAY","EAN 5039036081870","","","https://i.ebayimg.com/images/i/392786998162-0-1/s-l1600.jpg","",""
"5ee108997f2fa81788c3ea86","Jurassic World Fallen Kingdom (uk Import) Blu-ray ","Jurassic World Fallen Kingdom","","BLURAY","EAN 5053083156534","","","https://i.ebayimg.com/images/i/133427889905-0-1/s-l1600.jpg","",""
"5ee108a17f2fa81788c3ea87","Jurassic Park 4 - Ju - Blu-ray - ","Jurassic Park 4 - Ju","","BLURAY","EAN 5053083044992","","","https://i.ebayimg.com/images/i/373070957629-0-1/s-l1600.jpg","",""
"5ee108a87f2fa81788c3ea88","Cat's Eye/silver Bul - Dvd - ","Cat's Eye/silver Bul","","","EAN 5055201804747","","","https://i.ebayimg.com/images/i/373071011131-0-1/s-l1600.jpg","",""
"5ee108ac7f2fa81788c3ea89","Fast Furious 7 - Blu-ray - ","Fast Furious 7","","BLURAY","EAN 5053083106959","","","https://i.ebayimg.com/images/i/383542064154-0-1/s-l1600.jpg","",""
"5ee108af7f2fa81788c3ea8a","Hobbs & Shaw Bluray (uk Import) Blu-ray ","Hobbs & Shaw","","BLURAY","EAN 5053083193652","","","https://i.ebayimg.com/images/i/133433042200-0-1/s-l1600.jpg","",""
"5ee108b17f2fa81788c3ea8b","Fast And Furious 8 Bd (uk Import) Dvd [region 2] ","Fast And Furious 8 Bd","","","EAN 5053083115258","","","https://i.ebayimg.com/images/i/133426512355-0-1/s-l1600.jpg","",""
"5ee108b47f2fa81788c3ea8c","The Twilight Saga Triple Pack [blu-ray] By Kristen Stewart,robert Pattinson,m. ","The Twilight Saga Triple Pack By Kristen Stewart,robert Pattinson,m.","","BLURAY","EAN 5030305515126","","","https://i.ebayimg.com/images/i/303095708981-0-1/s-l1600.jpg","",""
"5ee108f77f2fa81788c3ea8d","Super 8 (blu-ray + Dvd) [2011] [region Free] By Elle Fanning,kyle Chandler. ","Super 8 By Elle Fanning,kyle Chandler.","2011","BLURAY","EAN 5051368215730","","","https://i.ebayimg.com/images/i/292979348813-0-1/s-l1600.jpg","",""
"5ee108f97f2fa81788c3ea8e","Edge Of Tomorrow <region B Bluray, Sealed> ","Edge Of Tomorrow","","BLURAY","EAN 5051892163484","","","https://i.ebayimg.com/images/i/373075479674-0-1/s-l1600.jpg","",""
"5ee108fb7f2fa81788c3ea8f","After Earth <region B Bluray, Sealed> ","After Earth","","BLURAY","EAN 5051124451990","","","https://i.ebayimg.com/images/i/392807879880-0-1/s-l1600.jpg","",""
"5ee108ff7f2fa81788c3ea90","Godzilla <region B Bluray, Sealed> ","Godzilla","","BLURAY","EAN 5051892163750","","","https://i.ebayimg.com/images/i/373061053777-0-1/s-l1600.jpg","",""
"5ee109017f2fa81788c3ea91","300 (2 Disc Special Edition) [2007] [dvd], Very Good Dvd, Lena Headey, Andrew ","300 , Very Good , Lena Headey, Andrew","2007","","EAN 7321902162850","","","https://i.ebayimg.com/images/i/133104457468-0-1/s-l1600.jpg","",""
"5ee1090e7f2fa81788c3ea92","The League Of Extraordinary Gentlemen - 2 Disc Special Edition [d. 503903601589. ","The League Of Extraordinary Gentlemen - 2 Disc Special Edition","","","EAN 5039036015899","","","https://i.ebayimg.com/images/i/132709202816-0-1/s-l1600.jpg","",""
"5ee109127f2fa81788c3ea93","Suzy Amis As Edie Finneran; Stephen Baldwin As Michael Mcmanus; Gabriel Byrne A- ","Suzy Amis As Edie Finneran; Stephen Baldwin As Michael Mcmanus; Gabriel Byrne A","","","EAN 5050070007862","","","https://i.ebayimg.com/images/i/303138811481-0-1/s-l1600.jpg","",""
"5ee109167f2fa81788c3ea94","Constantine (DVD) ","Constantine","","","UPC 085393894221","","","https://i5.walmartimages.com/asr/5378129b-4720-46c3-9c5c-77b46a9e561e_1.f8d51c6ebc50a2c5c07bed22b85ad225.jpeg?odnHeight=450&odnWidth=450&odnBg=ffffff","",""
"5ee109187f2fa81788c3ea95","The Prophecy [dvd] By Christopher Walken,elias Koteas,bruce Douglas Johnson,r. ","The Prophecy By Christopher Walken,elias Koteas,bruce Douglas Johnson,r.","","","EAN 5017188885003","","","https://i.ebayimg.com/images/i/123689748354-0-1/s-l1600.jpg","",""
"5ee1091d7f2fa81788c3ea96","Nemesis [1992] [dvd] By Olivier Gruner,tim Thomerson. ","Nemesis By Olivier Gruner,tim Thomerson.","1992","","EAN 5018501010034","","","https://i.ebayimg.com/images/i/293063919936-0-1/s-l1600.jpg","",""
"5ee109257f2fa81788c3ea98","Harry Potter And The Order Of - Harry Potter And The ","Harry Potter And The Order Of - Harry Potter And The","","","EAN 7321902174921","","","https://i.ebayimg.com/images/i/383576989959-0-1/s-l1600.jpg","",""
"5ee109277f2fa81788c3ea99","Harry Potter And The Philosopher's Stone (two Disc Widescreen Edition) [dvd] . ","Harry Potter And The Philosopher's Stone .","","","EAN 7321900226592","","","https://i.ebayimg.com/images/i/202722121582-0-1/s-l1600.jpg","",""
"5ee1094f7f2fa81788c3ea9a","Transformers 2 Disc Special Ed - Transformers 2 Disc ","Transformers 2 Disc Special Ed - Transformers 2 Disc","","","EAN 5051188153335","","","https://i.ebayimg.com/images/i/324184928479-0-1/s-l1600.jpg","",""
"5ee109537f2fa81788c3ea9b","Like Transformers Revenge Of The Fallen 2 Disc Blu Ray Free P&p ","Like Transformers Revenge Of The Fallen 2 Disc Free P&p","","BLURAY","EAN 5051368212234","","","https://i.ebayimg.com/images/i/392800742547-0-1/s-l1600.jpg","",""
"5ee109577f2fa81788c3ea9c","The Hobbit The Desolation Of Smaug Blu Ray (vg) (no Codes) ","The Hobbit The Desolation Of Smaug","","BLURAY","EAN 5051892164146","","","https://i.ebayimg.com/images/i/283893352563-0-1/s-l1600.jpg","",""
"5ee1097f7f2fa81788c3ea9e","Carries The Demon Seed Julie Christie Dvd Region 2 Brand & Sealed ","Carries The Demon Seed Julie Christie Region 2 Brand & Sealed","","","EAN 7321900501293","","","https://i.ebayimg.com/00/s/MTYwMFgxMjAw/z/1o8AAOSwdRparUFu/$_57.JPG?set_id=8800005007","",""
"5ee109827f2fa81788c3ea9f","Indiana Jones: Complete Adventures (5 Disc) (blu-ray Disc) ","Indiana Jones: Complete Adventures","","BLURAY","EAN 5051368203638","","","http://img.bbystatic.com/BestBuy_US/images/products/nonsku/default_movies_l.jpg","",""
"5ee109847f2fa81788c3eaa0","Harrison Ford, Cate Blanchett-indiana Jones And T (uk Import) Dvd [region 2] ","Harrison Ford, Cate Blanchett-indiana Jones And T","","","EAN 5014437943132","","","https://i.ebayimg.com/images/i/362998267092-0-1/s-l1600.jpg","",""
"5ee109877f2fa81788c3eaa1","Hellboy 1 And 2 (dvd) ","Hellboy 1 And 2","","","EAN 5050582556162","","","https://i.ebayimg.com/images/i/264747982597-0-1/s-l1600.jpg","",""
"5ee109897f2fa81788c3eaa2","The Complete Matrix Trilogy (The Matrix / The Matrix Reloaded / The Matrix Revol ","The Complete Matrix Trilogy","","","EAN 7321900220453","","","http://ecx.images-amazon.com/images/I/51xydHue4lL._SL160_.jpg","",""
"5ee109907f2fa81788c3eaa3","Alien Anthology (blu-ray Disc) ","Alien Anthology","","BLURAY","EAN 5039036044776","","","http://img.bbystatic.com/BestBuy_US/images/products/nonsku/default_movies_l.jpg","",""
"5ee109927f2fa81788c3eaa4","Jurassic Park Trilogy (blu-ray Disc) ","Jurassic Park Trilogy","","BLURAY","EAN 5050582962208","","","http://img.bbystatic.com/BestBuy_US/images/products/nonsku/default_movies_l.jpg","",""
"5ee109977f2fa81788c3eaa5","2010 - The Year We Make Contact [blu-ray] [1984] [region Free] ","2010 - The Year We Make Contact","1984","BLURAY","EAN 5051892004749","","","https://i.ebayimg.com/00/s/NTAwWDM2OA==/z/npcAAOSwUMVaIbJ1/$_1.JPG?set_id=8800005007","",""
"5ee109987f2fa81788c3eaa6","2001: A Space Odyssey [Blu-ray] ","2001: A Space Odyssey","","BLURAY","EAN 7321900798389","","","http://ecx.images-amazon.com/images/I/51jYA7Mv32L._SL160_.jpg","",""
"5ee109ae7f2fa81788c3eaa7","Hellboy - Dvd (2-disc Set) - / Sealed ","Hellboy - / Sealed","","","EAN 5035822485631","","","https://i.ebayimg.com/images/i/283901933969-0-1/s-l1600.jpg","",""
"5ee10a257f2fa81788c3eaa8","Star Trek - The Next Generation - The Next Level - A Taste Of The Next... ","Star Trek - The Next Generation - The Next Level - A Taste Of The Next...","","","EAN 5051368232935","","","https://i.ebayimg.com/images/i/303401509344-0-1/s-l1600.jpg","",""
"5ee10a267f2fa81788c3eaa9","Star Trek Beyond 2d (uk Import) Dvd [region 2] ","Star Trek Beyond 2d","","","EAN 5053083082116","","","https://i.ebayimg.com/images/i/362970392937-0-1/s-l1600.jpg","",""
"5ee10a287f2fa81788c3eaaa","Star Trek Into Darkness (3-d) (blu-ray 3d) ","Star Trek Into Darkness","","BLURAY","EAN 5051368250434","","","http://img.bbystatic.com/BestBuy_US/images/products/nonsku/default_movies_l.jpg","",""
"5ee10a5a7f2fa81788c3eaab","Star Trek: Stardate Collection (10 Movies) - 12-Disc Box Set ( Star Trek: The Mo ","Star Trek: Stardate Collection - 12-Disc Box Set","","","EAN 5051368245935","","","https://i5.walmartimages.com/asr/4c0c4095-0b31-4a14-aa63-2d76e9ecb7c7_1.8ff5917c1c376e8698098f9f6cb4d514.gif?odnHeight=450&odnWidth=450&odnBg=ffffff","",""
"5ee10a5c7f2fa81788c3eaac","Star Wars The Force Awakens Darkside Bluray Disney ","Star Wars The Force Awakens Darkside Disney","","BLURAY","EAN 8717418478155","","","https://i.ebayimg.com/images/i/372828739787-0-1/s-l1600.jpg","",""
"5ee10a5f7f2fa81788c3eaad","Star Wars - The Complete Saga - 9 Disc Boxset + Film Cell - Official Uk Blu Ray ","Star Wars - The Complete Saga - 9 Disc Boxset + Film Cell - Official Uk","","BLURAY","EAN 5039036046671","","","https://i.ebayimg.com/images/i/303507329042-0-1/s-l1600.jpg","",""
"5ee10a647f2fa81788c3eaae","Blade Runner 2049 - Blu-ray - ","Blade Runner 2049","","BLURAY","EAN 5050629049336","","","https://i.ebayimg.com/images/i/373070998103-0-1/s-l1600.jpg","",""
"5ee10a677f2fa81788c3eaaf","Blade Runner The Fi - 1000086720 - Dvd ","Blade Runner The Fi - 1000086720","","","EAN 7321902144825","","","https://i.ebayimg.com/images/i/383576989713-0-1/s-l1600.jpg","",""
"5ee10a6b7f2fa81788c3eab0","Solo: A Star Wars Story (uk Import) Blu-ray ","Solo: A Star Wars Story","","BLURAY","EAN 8717418534554","","","https://i.ebayimg.com/images/i/114253179110-0-1/s-l1600.jpg","",""
"5ee10a6e7f2fa81788c3eab1","Star Wars The Last - Blu-ray - ","Star Wars The Last","","BLURAY","EAN 8717418523824","","","https://i.ebayimg.com/images/i/373071003080-0-1/s-l1600.jpg","",""
"5ee10a9a7f2fa81788c3eab2","Venom (2018) (uk Import) Blu-ray ","Venom","2018","BLURAY","EAN 5050629481822","","","https://i.ebayimg.com/images/i/133430534032-0-1/s-l1600.jpg","",""
"5ee10a9c7f2fa81788c3eab3","Ant-man And The Wasp - Blu-ray - ","Ant-man And The Wasp","","BLURAY","EAN 8717418538514","","","https://i.ebayimg.com/images/i/373071003416-0-1/s-l1600.jpg","",""
"5ee10a9f7f2fa81788c3eab4","Ant-man (uk Import) Blu-ray ","Ant-man","","BLURAY","EAN 8717418468200","","","https://i.ebayimg.com/images/i/363009832518-0-1/s-l1600.jpg","",""
"5ee10aa37f2fa81788c3eab5","Marvel's Doctor Strange (2016) Blu-ray With Slipcover Brand Free Ship ","Marvel's Doctor Strange With Slipcover Brand Free Ship","2016","BLURAY","EAN 8717418498085","","","https://i.ebayimg.com/images/i/363006999305-0-1/s-l1600.jpg","",""
"5ee10aa87f2fa81788c3eab6","Incredibles 2 (uk Import) Blu-ray ","Incredibles 2","","BLURAY","EAN 8717418535896","","","https://i.ebayimg.com/images/i/133374745755-0-1/s-l1600.jpg","",""
"5ee10aab7f2fa81788c3eab7","Captain Marvel (uk Import) Blu-ray ","Captain Marvel","","BLURAY","EAN 8717418546441","","","https://i.ebayimg.com/images/i/133426602637-0-1/s-l1600.jpg","",""
"5ee10ad07f2fa81788c3eab8","The Incredible Hulk (2 Disc Edition) [dvd] By Liv Tyler,william Hurt,edward N. ","The Incredible Hulk By Liv Tyler,william Hurt,edward N.","","","EAN 5050582587531","","","https://i.ebayimg.com/images/i/292975822602-0-1/s-l1600.jpg","",""
"5ee10ad37f2fa81788c3eab9","Hulk [dvd] [2003] ","Hulk","2003","","EAN 5050582107579","","","https://i.ebayimg.com/images/i/223867720923-0-1/s-l1600.jpg","",""
"5ee10ad67f2fa81788c3eaba","27599 Dvd - Fantastic 4 Special Edition [new & Sealed] 2005 2866701001 ","27599 - Fantastic 4 Special Edition 2866701001","2005","","EAN 5039036023245","","","https://i.ebayimg.com/images/i/143079515742-0-1/s-l1600.jpg","",""
"5ee10ad87f2fa81788c3eabb","Fantastic 4 : Rise Of The Silver Surfer 2 X Disc Special Edition Dvd Sealed ","Fantastic 4 : Rise Of The Silver Surfer 2 X Disc Special Edition Sealed","","","EAN 5039036035583","","","https://i.ebayimg.com/images/i/383282009088-0-1/s-l1600.jpg","",""
"5ee10ada7f2fa81788c3eabc","Daredevil - 23789dvd - Dvd ","Daredevil - 23789dvd","","","EAN 5039036013390","","","https://i.ebayimg.com/images/i/373075357543-0-1/s-l1600.jpg","",""
"5ee10adc7f2fa81788c3eabd","Goran Visnjic, Kirsten Prout-elektra (uk Import) Dvd [region 2] ","Goran Visnjic, Kirsten Prout-elektra","","","EAN 5039036021050","","","https://i.ebayimg.com/images/i/133428828503-0-1/s-l1600.jpg","",""
"5ee10ade7f2fa81788c3eabe","Ghost Rider Extende - Cdr33519ex - Dvd ","Ghost Rider Extende - Cdr33519ex","","","EAN 5035822351998","","","https://i.ebayimg.com/images/i/373075357727-0-1/s-l1600.jpg","",""
"5ee10ae07f2fa81788c3eabf","Sam Raimi - Spider-man - Cdr32161 - Dvd ","Sam Raimi - Spider-man - Cdr32161","","","EAN 5035822216136","","","https://i.ebayimg.com/images/i/383576989635-0-1/s-l1600.jpg","",""
"5ee10ae27f2fa81788c3eac0","Spider-man 2 (dvd, 2004, 2-disc Set) James Franco, Brand Sealed. ","Spider-man 2 James Franco, Brand Sealed.","2004","","EAN 5035822480131","","","https://i.ebayimg.com/images/i/362437912518-0-1/s-l1600.jpg","",""
"5ee10ae47f2fa81788c3eac1","Spider-man 3 (2 Disc Special Edition) Limited Edition Sleeve Design And Slipc. ","Spider-man 3 Limited Edition Sleeve Design And Slipc.","","","EAN 5050350495433","","","https://i.ebayimg.com/images/i/123689827905-0-1/s-l1600.jpg","",""
"5ee10af17f2fa81788c3eac2","Spider-man - The Ama - Blu-ray - ","Spider-man - The Ama","","BLURAY","EAN 5051124151999","","","https://i.ebayimg.com/images/i/383570964161-0-1/s-l1600.jpg","",""
"5ee10af57f2fa81788c3eac3","Id59z - Amazing Spider-man 2 - Blu-ray - ","Id59z - Amazing Spider-man 2","","BLURAY","EAN 5051124139997","","","https://i.ebayimg.com/images/i/373070861013-0-1/s-l1600.jpg","",""
"5ee10afc7f2fa81788c3eac4","Michael Caine, Juno Temple-dark Knight Rises (uk Import) Blu-ray ","Michael Caine, Juno Temple-dark Knight Rises","","BLURAY","EAN 5051892077088","","","https://i.ebayimg.com/images/i/114220315117-0-1/s-l1600.jpg","",""
"5ee10afd7f2fa81788c3eac5","Batman Begins/The Dark Knight Limited Edition Steelbook ","Batman Begins/The Dark Knight Limited Edition Steelbook","","","EAN 5051892112635","","","http://ecx.images-amazon.com/images/I/413rwmogDQL._SL160_.jpg","",""
"5ee10b017f2fa81788c3eac6","Deadpool Blu-ray (uk Import) Dvd [region 2] ","Deadpool","","BLURAY","EAN 5039036076906","","","https://i.ebayimg.com/images/i/133432977714-0-1/s-l1600.jpg","",""
"5ee10b047f2fa81788c3eac7","Deadpool 2 - Blu-ray - ","Deadpool 2","","BLURAY","EAN 5039036086370","","","https://i.ebayimg.com/images/i/373070958144-0-1/s-l1600.jpg","",""
"5ee10b067f2fa81788c3eac8","Captain America:civil War (uk Import) Dvd [region 2] ","Captain America:civil War","","","EAN 8717418484484","","","https://i.ebayimg.com/images/i/114244742671-0-1/s-l1600.jpg","",""
"5ee10b0a7f2fa81788c3eac9","Captain America - The First Avenger (blu-ray And Dvd Combo, 2011, 2-disc Set) ","Captain America - The First Avenger","2011","BLURAY","EAN 5051368222530","","","https://i.ebayimg.com/images/i/293371847807-0-1/s-l1600.jpg","",""
"5ee10b0e7f2fa81788c3eaca","Captain America: The First Avenger (blu-ray Disc) ","Captain America: The First Avenger","","BLURAY","EAN 8717418413897","","","http://img.bbystatic.com/BestBuy_US/images/products/nonsku/default_movies_l.jpg","",""
"5ee10b107f2fa81788c3eacb","Iron Man (blu-ray Disc) ","Iron Man","","BLURAY","EAN 8717418413842","","","http://img.bbystatic.com/BestBuy_US/images/products/nonsku/default_movies_l.jpg","",""
"5ee10b137f2fa81788c3eacc","Iron Man 2 (3 Disc Set) Blu-ray Uk Original (2bd+dvd+digital Copy) ","Iron Man 2 Uk Original","","BLURAY","EAN 5051368219639","","","https://i.ebayimg.com/images/i/293064166924-0-1/s-l1600.jpg","",""
"5ee10b167f2fa81788c3eacd","Avengers Assemble Region Free Blu-ray ","Avengers Assemble Region Free","","BLURAY","EAN 8717418358549","","","https://i5.walmartimages.com/asr/c6cc4016-fb6c-4122-af78-8b8a30b84385_1.3200918896fed3b59ea89cda7468fc04.jpeg?odnHeight=450&odnWidth=450&odnBg=ffffff","",""
"5ee10b197f2fa81788c3eace","Avengers Age Of Ultron [blu-ray] ","Avengers Age Of Ultron","","BLURAY","EAN 8717418458959","","","https://i.ebayimg.com/images/i/254513155287-0-1/s-l1600.jpg","",""
"5ee10b317f2fa81788c3eacf","Thor - Triple Play (blu-ray + Dvd + Digital Copy) [2011] [region Free] By Chr. ","Thor - Triple Play By Chr.","2011","BLURAY","EAN 5051368222431","","","https://i.ebayimg.com/images/i/333324643545-0-1/s-l1600.jpg","",""
"5ee10b347f2fa81788c3ead0","Logan <region B Bluray, Sealed> ","Logan","","BLURAY","EAN 5039036080514","","","https://i.ebayimg.com/images/i/373068370876-0-1/s-l1600.jpg","",""
"5ee10b367f2fa81788c3ead1","The Wolverine (blu-ray Disc) ","The Wolverine","","BLURAY","EAN 5039036063470","","","http://img.bbystatic.com/BestBuy_US/images/products/nonsku/default_movies_l.jpg","",""
"5ee10b387f2fa81788c3ead2","X-men Origins: Wolverine [blu-ray], 5039036042154, Hugh Jackman, Liev Schreiber ","X-men Origins: Wolverine , 5039036042154, Hugh Jackman, Liev Schreiber","","BLURAY","EAN 5039036042154","","","https://i.ebayimg.com/images/i/163303115491-0-1/s-l1600.jpg","",""
"5ee10b3a7f2fa81788c3ead3","Wonder Woman - Blu-ray - ","Wonder Woman","","BLURAY","EAN 5051892205559","","","https://i.ebayimg.com/images/i/373070997508-0-1/s-l1600.jpg","",""
"5ee10b3c7f2fa81788c3ead4","Suicide Squad - Blu-ray - ","Suicide Squad","","BLURAY","EAN 5051892196291","","","https://i.ebayimg.com/images/i/373070957915-0-1/s-l1600.jpg","",""
"5ee10b3e7f2fa81788c3ead5","Black Panther (uk Import) Blu-ray ","Black Panther","","BLURAY","EAN 8717418527532","","","https://i.ebayimg.com/images/i/133426600988-0-1/s-l1600.jpg","",""
"5ee10b407f2fa81788c3ead6","Thor Ragnarok Bd (uk Import) Blu-ray ","Thor Ragnarok Bd","","BLURAY","EAN 8717418521561","","","https://i.ebayimg.com/images/i/114244741101-0-1/s-l1600.jpg","",""
"5ee10b427f2fa81788c3ead7","Guardians Of The Galaxy Blu Ray Marvel Film ","Guardians Of The Galaxy Marvel Film","","BLURAY","EAN 8717418440114","","","https://i.ebayimg.com/images/i/224038923031-0-1/s-l1600.jpg","",""
"5ee10b447f2fa81788c3ead8","Guardians Of The Gal - Blu-ray - ","Guardians Of The Gal","","BLURAY","EAN 8717418508388","","","https://i.ebayimg.com/images/i/383542067069-0-1/s-l1600.jpg","",""
"5ee10b467f2fa81788c3ead9","X-men [blu-ray] ","X-men","","BLURAY","EAN 5039036040853","","","https://i.ebayimg.com/images/i/293570319071-0-1/s-l1600.jpg","",""
"5ee10b487f2fa81788c3eada","X-men Trilogy (blu-ray Disc) ","X-men Trilogy","","BLURAY","EAN 5039036061445","","","http://img.bbystatic.com/BestBuy_US/images/products/nonsku/default_movies_l.jpg","",""
"5ee10b4b7f2fa81788c3eadb","Avengers: Infinity War Blu-ray ","Avengers: Infinity War","","BLURAY","EAN 8717418532673","","","https://i5.walmartimages.com/asr/04ee1e55-90bd-49af-8b47-00f20252653a_1.2238b532b9b5ca17f142c9c16bba911a.jpeg?odnHeight=450&odnWidth=450&odnBg=ffffff","",""
"5ee10b4e7f2fa81788c3eadc","X-men: First Class - Triple Play (blu-ray + Dvd + Digital Copy) By James Mcav. ","X-men: First Class - Triple Play By James Mcav.","","BLURAY","EAN 5039036048354","","","https://i.ebayimg.com/images/i/383339999134-0-1/s-l1600.jpg","",""
"5ee10b507f2fa81788c3eadd","X-men Apocalypse - Blu-ray - ","X-men Apocalypse","","BLURAY","EAN 5039036077699","","","https://i.ebayimg.com/images/i/324188879714-0-1/s-l1600.jpg","",""
"5ee10b567f2fa81788c3eadf","X-Men (Widescreen) ","X-Men","","","UPC 024543006404","","","https://i5.walmartimages.com/asr/daf4c114-b3b4-4edf-8304-e335f150425b_1.260e45fd3cdf80722fc84bd72ddbefc6.jpeg?odnHeight=450&odnWidth=450&odnBg=ffffff","",""
"5ee10b597f2fa81788c3eae0","X-men 2 (dvd, 2003) ","X-men 2","2003","","EAN 5039036015011","","","https://i.ebayimg.com/images/i/264437277266-0-1/s-l1600.jpg","",""
"5ee10b5e7f2fa81788c3eae1","Man Of Steel (blu-ray Disc) ","Man Of Steel","","BLURAY","EAN 5051892140324","","","http://img.bbystatic.com/BestBuy_US/images/products/nonsku/default_movies_l.jpg","",""
"5ee10b607f2fa81788c3eae2","Aquaman - Blu-ray - ","Aquaman","","BLURAY","EAN 5051892220446","","","https://i.ebayimg.com/images/i/373077985375-0-1/s-l1600.jpg","",""
"5ee10b6e7f2fa81788c3eae3","King Kong Blu-ray (8259729) ","King Kong","","BLURAY","EAN 5050582597295","","","https://i.ebayimg.com/00/s/MzA0WDIzNQ==/z/wwoAAOSwXnxanq5-/$_0.JPG?set_id=8800005007","",""
"5ee10b717f2fa81788c3eae4","Kong - Skull Island - Blu-ray - ","Kong - Skull Island","","BLURAY","EAN 5051892205610","","","https://i.ebayimg.com/images/i/373070958246-0-1/s-l1600.jpg","",""
"5ee10b737f2fa81788c3eae5","Keri Russell, J.d. Evermore-dawn Of The Planet Of The Ap (uk Import) Blu-ray ","Keri Russell, J.d. Evermore-dawn Of The Planet Of The Ap","","BLURAY","EAN 5039036066679","","","https://i.ebayimg.com/images/i/362875883540-0-1/s-l1600.jpg","",""
"5ee10b757f2fa81788c3eae6","Alien Covenant (uk Import) Dvd [region 2] ","Alien Covenant","","","EAN 5039036081283","","","https://i.ebayimg.com/images/i/114244662779-0-1/s-l1600.jpg","",""
"5ee10b777f2fa81788c3eae7","Prometheus - Collector's Edition (blu-ray 3d + Blu-ray + Digital Copy) [regio. ","Prometheus - Collector's Edition","","BLURAY","EAN 5039036054188","","","https://i.ebayimg.com/images/i/293063786862-0-1/s-l1600.jpg","",""
"5ee10b7b7f2fa81788c3eae9","Interstellar - Blu-ray - ","Interstellar","","BLURAY","EAN 5051892182911","","","https://i.ebayimg.com/images/i/383581143466-0-1/s-l1600.jpg","",""
"5ee10b7d7f2fa81788c3eaea","Arrival <region B Bluray, Sealed> ","Arrival","","BLURAY","EAN 5039036079280","","","https://i.ebayimg.com/images/i/373073173455-0-1/s-l1600.jpg","",""
"5ee10c077f2fa81788c3eaeb","Dvd - Sin City - Sin City - Id54z - ","Sin City - Sin City - Id54z","","","EAN 8717418047931","","","https://i.ebayimg.com/images/i/372992667737-0-1/s-l1600.jpg","",""
"5ee10c187f2fa81788c3eaec","Stream, Liam Ferguson-knight And Day (uk Import) Blu-ray ","Stream, Liam Ferguson-knight And Day","","BLURAY","EAN 5039036045469","","","https://i.ebayimg.com/images/i/363005779218-0-1/s-l1600.jpg","",""
"5ee10c1a7f2fa81788c3eaed","Tron - Blu-ray - ","Tron","","BLURAY","EAN 8717418297879","","","https://i.ebayimg.com/images/i/324184957112-0-1/s-l1600.jpg","",""
"5ee10c1d7f2fa81788c3eaee","Twelve Monkeys <region B Bluray, Sealed> ","Twelve Monkeys","","BLURAY","EAN 5050582726077","","","https://i.ebayimg.com/images/i/373035714660-0-1/s-l1600.jpg","",""
"5ee10c207f2fa81788c3eaef","Final Fantasy: The Spirits Within (blu-ray Disc) ","Final Fantasy: The Spirits Within","","BLURAY","EAN 5050629197112","","","http://img.bbystatic.com/BestBuy_US/images/products/nonsku/default_movies_l.jpg","",""
"5ee10c247f2fa81788c3eaf0","Predestination [blu-ray], 5060262852880, Ethan Hawke, Sarah Snook, Peter Spieri. ","Predestination , 5060262852880, Ethan Hawke, Sarah Snook, Peter Spieri.","","BLURAY","EAN 5060262852880","","","https://i.ebayimg.com/images/i/163303155657-0-1/s-l1600.jpg","",""
"5ee10c267f2fa81788c3eaf1","Sicario-emily Blunt Benicio Del Toro(uk Blu Ray)den Villeneuve Roger Deakins Dop ","Sicario-emily Blunt Benicio Del Toro den Villeneuve Roger Deakins Dop","","BLURAY","EAN 5055761906769","","","https://i.ebayimg.com/images/i/254554550235-0-1/s-l1600.jpg","",""
"5ee10c287f2fa81788c3eaf2","Man From U.n.c.l.e. (uk Import) Blu-ray ","Man From U.n.c.l.e.","","BLURAY","EAN 5051892189224","","","https://i.ebayimg.com/images/i/133433270368-0-1/s-l1600.jpg","",""
"5ee10c2b7f2fa81788c3eaf3","Mark Hamill, Sofia Boutella-kingsman - The Secret Servic (uk Import) Blu-ray ","Mark Hamill, Sofia Boutella-kingsman - The Secret Servic","","BLURAY","EAN 5039036072847","","","https://i.ebayimg.com/images/i/114252978845-0-1/s-l1600.jpg","",""
"5ee10c2d7f2fa81788c3eaf4","Abraham Lincoln - Va - Blu-ray - ","Abraham Lincoln - Va","","BLURAY","EAN 5039036054966","","","https://i.ebayimg.com/images/i/324184927096-0-1/s-l1600.jpg","",""
"5ee10c2f7f2fa81788c3eaf5","Project X <region B Bluray, Sealed> ","Project X","","BLURAY","EAN 5051892093477","","","https://i.ebayimg.com/images/i/392824681582-0-1/s-l1600.jpg","",""
"5ee10c317f2fa81788c3eaf6","Con Air (blu-ray Disc) ","Con Air","","BLURAY","EAN 8717418126773","","","http://img.bbystatic.com/BestBuy_US/images/products/nonsku/default_movies_l.jpg","",""
"5ee10c337f2fa81788c3eaf7","Lost In Space ","Lost In Space","","","EAN 5051892011945","","","http://thehut.pantherssl.com/productimg/0/130/130/47/10167147-1282318681-294000.jpg","",""
"5ee10c357f2fa81788c3eaf8","Ryan Reynolds, Denzel Washi...-safe House (uk Import) Blu-ray ","Ryan Reynolds, Denzel Washi...-safe House","","BLURAY","EAN 5050582899207","","","https://i.ebayimg.com/images/i/362993709370-0-1/s-l1600.jpg","",""
"5ee10d947f2fa81788c3eaf9","The Fifth Element:bruce Willis,gary Oldman,chris Tucker (sci-fi Blu-ray, 2011) ","The Fifth Element:bruce Willis,gary Oldman,chris Tucker","2011","BLURAY","EAN 5060002836897","","","https://i.ebayimg.com/images/i/153566102851-0-1/s-l1600.jpg","",""
"5ee10d957f2fa81788c3eafa","Rise Of The Planet O - Blu-ray - ","Rise Of The Planet O","","BLURAY","EAN 5039036048668","","","https://i.ebayimg.com/images/i/383542038052-0-1/s-l1600.jpg","",""
"5ee10d987f2fa81788c3eafb","In Time (blu-ray And Dvd Combo, 2012) ","In Time","2012","BLURAY","EAN 5039036050067","","","https://i.ebayimg.com/images/i/303203738478-0-1/s-l1600.jpg","",""
"5ee10d997f2fa81788c3eafc","Minority Report [blu-ray] ","Minority Report","","BLURAY","EAN 5039036044004","","","https://i.ebayimg.com/images/i/274356944646-0-1/s-l1600.jpg","",""
"5ee10d9c7f2fa81788c3eafd","Back To The Future Trilogy (blu-ray Disc, 2012, 3-disc Set) ","Back To The Future Trilogy","2012","BLURAY","EAN 5050582788860","","","https://i.ebayimg.com/images/i/184153178238-0-1/s-l1600.jpg","",""
"5ee10d9e7f2fa81788c3eafe","2012 [blu-ray] [2010] [region Free], 5050629062014, John Cusack, Amanda Peet, T. ","2012 , 5050629062014, John Cusack, Amanda Peet, T.","2010","BLURAY","EAN 5050629062014","","","https://i.ebayimg.com/images/i/163303119702-0-1/s-l1600.jpg","",""
"5ee10da07f2fa81788c3eaff","Sam Worthington, Sigourney ...-avatar: Collector's Exten (uk Import) Blu-ray ","Sam Worthington, Sigourney ...-avatar: Collector's Exten","","BLURAY","EAN 5039036045544","","","https://i.ebayimg.com/images/i/133428637601-0-1/s-l1600.jpg","",""
"5ee10da37f2fa81788c3eb00","Se7en (aka Seven) <region B Bluray, Sealed> ","Se7en","","BLURAY","EAN 5051892011709","","","https://i.ebayimg.com/images/i/164214946246-0-1/s-l1600.jpg","",""
"5ee10da67f2fa81788c3eb01","Predator The (uk Import) Blu-ray ","Predator The","","BLURAY","EAN 5039036089234","","","https://i.ebayimg.com/images/i/363016571591-0-1/s-l1600.jpg","",""
"5ee10da87f2fa81788c3eb02","Alien Vs Predator (2 Disc) (blu-ray Disc) ","Alien Vs Predator","","BLURAY","EAN 5039036038812","","","http://img.bbystatic.com/BestBuy_US/images/products/nonsku/default_movies_l.jpg","",""
"5ee10daa7f2fa81788c3eb03","Louis Ozawa Changchien, Ole...-predators (uk Import) Blu-ray ","Louis Ozawa Changchien, Ole...-predators","","BLURAY","EAN 5039036045438","","","https://i.ebayimg.com/images/i/133433166466-0-1/s-l1600.jpg","",""
"5ee10dae7f2fa81788c3eb04","Predator 2 (blu-ray Disc) ","Predator 2","","BLURAY","EAN 5039036039352","","","http://img.bbystatic.com/BestBuy_US/images/products/nonsku/default_movies_l.jpg","",""
"5ee10db07f2fa81788c3eb05","Predator - Ultimate Edition Blu-ray Blu-ray ","Predator - Ultimate Edition","","BLURAY","EAN 5039036044653","","","https://i.ebayimg.com/images/i/202989066102-0-1/s-l1600.jpg","",""
"5ee10db27f2fa81788c3eb06","Close Encounters Of The Third Kind (2 Disc) (blu-ray Disc) ","Close Encounters Of The Third Kind","","BLURAY","EAN 5050629650112","","","http://img.bbystatic.com/BestBuy_US/images/products/nonsku/default_movies_l.jpg","",""
"5ee10db47f2fa81788c3eb07","Knowing - Nicolas Cage - Blu Ray ","Knowing - Nicolas Cage","","BLURAY","EAN 5030305512354","","","https://i.ebayimg.com/images/i/143614869858-0-1/s-l1600.jpg","",""
"5ee10db67f2fa81788c3eb08","The Chronicles Of Riddick - Directors Cut <region B Bluray, Sealed> ","The Chronicles Of Riddick - Directors Cut","","BLURAY","EAN 5050582601428","","","https://i.ebayimg.com/images/i/392825855302-0-1/s-l1600.jpg","",""
"5ee10db97f2fa81788c3eb09","Firefly: Complete Series (blu-ray Disc) ","Firefly: Complete Series","","BLURAY","EAN 5039036048033","","","http://img.bbystatic.com/BestBuy_US/images/products/nonsku/default_movies_l.jpg","",""
"5ee10dbd7f2fa81788c3eb0a","Serenity Blu-ray - Id54z - Blu-ray - ","Serenity - Id54z","","BLURAY","EAN 5050582857580","","","https://i.ebayimg.com/images/i/324107215645-0-1/s-l1600.jpg","",""
"5ee10dbf7f2fa81788c3eb0b","Interview With The V - Dvd - ","Interview With The V","","","EAN 7321900183130","","","https://i.ebayimg.com/images/i/324191912838-0-1/s-l1600.jpg","",""
"5ee10de67f2fa81788c3eb0c","Team America - World - Phe8647 - Dvd ","Team America - World - Phe8647","","","EAN 5014437864734","","","https://i.ebayimg.com/images/i/373075357563-0-1/s-l1600.jpg","",""
"5ee10deb7f2fa81788c3eb0d","The Mummy [dvd] [1999] ","The Mummy","1999","","EAN 5035822003743","","","https://i.ebayimg.com/images/i/223867713141-0-1/s-l1600.jpg","",""
"5ee10ded7f2fa81788c3eb0e","The Mummy Returns (DVD) ","The Mummy Returns","","","UPC 025192110023","","","https://i5.walmartimages.com/asr/d898c339-475f-4071-9bc7-27f1d4e028d5_1.65518f2f3276822199e2cd2662cf456c.jpeg?odnHeight=450&odnWidth=450&odnBg=ffffff","",""
"5ee10e397f2fa81788c3eb0f","The Mummy Tomb Of T - 241992 - Dvd ","The Mummy Tomb Of T - 241992","","","EAN 5050582556117","","","https://i.ebayimg.com/images/i/324191957222-0-1/s-l1600.jpg","",""
"5ee10e6d7f2fa81788c3eb10","Rufus Sewell-dark City (uk Import) Dvd [region 2] ","Rufus Sewell-dark City","","","EAN 5017239190056","","","https://i.ebayimg.com/images/i/362991860879-0-1/s-l1600.jpg","",""
"5ee10e8f7f2fa81788c3eb11","Patrick Kake, Elizabeth Haw...-chronicles Of Narn (uk Import) Dvd [region 2] ","Patrick Kake, Elizabeth Haw...-chronicles Of Narn","","","EAN 8717418086527","","","https://i.ebayimg.com/images/i/114249701659-0-1/s-l1600.jpg","",""
"5ee10eaa7f2fa81788c3eb12","1079705 ","1079705","","","UPC 043396216990","","","https://i5.walmartimages.com/asr/4873e17b-532b-44d5-a668-a0542bf91319_1.e8bf3329faee53410568cc2eaa487d88.jpeg?odnHeight=450&odnWidth=450&odnBg=ffffff","",""
"5ee10ead7f2fa81788c3eb13","Crouching Tiger Hidden Dragon Widescreen Dvd ","Crouching Tiger Hidden Dragon Widescreen","","","EAN 5035822105539","","","https://i.ebayimg.com/images/i/184234549100-0-1/s-l1600.jpg","",""
"5ee10eaf7f2fa81788c3eb14","Anthony Hopkins-meet Joe Black (uk Import) Dvd [region 2] ","Anthony Hopkins-meet Joe Black","","","EAN 5035822001442","","","https://i.ebayimg.com/images/i/133421319900-0-1/s-l1600.jpg","",""
"5ee10eb77f2fa81788c3eb15","Pirates Of The Caribbean Dead Mans Chest Two-disc Special Edition[dvd] [200 ","Pirates Of The Caribbean Dead Mans Chest Two-disc Special Edition","","","EAN 8717418099756","","","https://i.ebayimg.com/images/i/223867715970-0-1/s-l1600.jpg","",""
"5ee10eb97f2fa81788c3eb16","Pirates Of The Caribbean: The Curse Of The Black Pearl [dvd] [2003], Very Good D ","Pirates Of The Caribbean: The Curse Of The Black Pearl , Very Good D","2003","","EAN 5017188888882","","","https://i.ebayimg.com/images/i/113908531389-0-1/s-l1600.jpg","",""
"5ee10eba7f2fa81788c3eb17","Chow Yun-fat-pirates Of The Caribbean: At World`s (uk Import) Dvd [region 2] ","Chow Yun-fat-pirates Of The Caribbean: At World`s","","","EAN 8717418124038","","","https://i.ebayimg.com/images/i/133397178706-0-1/s-l1600.jpg","",""
"5ee10ebd7f2fa81788c3eb18","Stealth - Region Pal 2 - 5035822696532pmi - Dvd ","Stealth - Region Pal 2 - 5035822696532pmi","","","EAN 5035822696532","","","https://i.ebayimg.com/images/i/324189084088-0-1/s-l1600.jpg","",""
"5ee10ebf7f2fa81788c3eb19","San Andreas - Blu-ray - ","San Andreas","","BLURAY","EAN 5051892189637","","","https://i.ebayimg.com/images/i/383570963072-0-1/s-l1600.jpg","",""
"5ee10ec17f2fa81788c3eb1a","Morgan (uk Import) Dvd [region 2] ","Morgan","","","EAN 5039036078856","","","https://i.ebayimg.com/images/i/363009785127-0-1/s-l1600.jpg","",""
"5ee10ec37f2fa81788c3eb1b","Geostorm - Blu-ray - ","Geostorm","","BLURAY","EAN 5051892211215","","","https://i.ebayimg.com/images/i/324184927403-0-1/s-l1600.jpg","",""
"5ee10ec57f2fa81788c3eb1c","I, Robot (blu-ray Disc) ","I, Robot","","BLURAY","EAN 5039036036870","","","http://img.bbystatic.com/BestBuy_US/images/products/nonsku/default_movies_l.jpg","",""
"5ee10ec77f2fa81788c3eb1d","Independence Day (blu-ray Disc) ","Independence Day","","BLURAY","EAN 5039036036337","","","http://img.bbystatic.com/BestBuy_US/images/products/nonsku/default_movies_l.jpg","",""
"5ee10ec97f2fa81788c3eb1e","Live Free Or Die Hard (blu-ray Disc) ","Live Free Or Die Hard","","BLURAY","EAN 5039036036283","","","http://img.bbystatic.com/BestBuy_US/images/products/nonsku/default_movies_l.jpg","",""
"5ee10ecc7f2fa81788c3eb1f","Cowboys & Aliens - Triple Play (blu-ray + Dvd + Digital Copy) [2011] [region . ","Cowboys & Aliens - Triple Play","2011","BLURAY","EAN 5051368222936","","","https://i.ebayimg.com/images/i/292978787494-0-1/s-l1600.jpg","",""
"5ee10ece7f2fa81788c3eb20","The Martian <region B Bluray, Sealed> ","The Martian","","BLURAY","EAN 5039036075565","","","https://i.ebayimg.com/images/i/392788559979-0-1/s-l1600.jpg","",""
"5ee10f397f2fa81788c3eb21","Village Of The Damned / Children Of The Damned <region 2 Dvd, Sealed> ","Village Of The Damned / Children Of The Damned","","","EAN 7321900669184","","","https://i.ebayimg.com/images/i/392825856481-0-1/s-l1600.jpg","",""
"5ee10f3b7f2fa81788c3eb22","Donnie Darko (Widescreen Edition) ","Donnie Darko","","","UPC 024543036401","","","https://i5.walmartimages.com/asr/274efc0a-e510-45ee-932b-96a574e1b475_1.e472a8735138824c2b1714d73da28cfe.jpeg?odnHeight=450&odnWidth=450&odnBg=ffffff","",""
"5ee10f3c7f2fa81788c3eb23","Widescreen - The Frighteners - No Rest For The Wicked - Dvd Film- 5035822004344 ","Widescreen - The Frighteners - No Rest For The Wicked - Film- 5035822004344","","","EAN 5035822004344","","","https://i.ebayimg.com/images/i/293064320005-0-1/s-l1600.jpg","",""
"5ee10f3f7f2fa81788c3eb24","Van Helsing Dvd - 8231135 - Dvd ","Van Helsing - 8231135","","","EAN 5050582311358","","","https://i.ebayimg.com/images/i/373075356539-0-1/s-l1600.jpg","",""
"5ee10f427f2fa81788c3eb25","Saw Uncut Version - Region Pal 2 - 5017239192999pmi ","Saw Uncut Version - Region Pal 2 - 5017239192999pmi","","","EAN 5017239192999","","","https://i.ebayimg.com/images/i/373075356517-0-1/s-l1600.jpg","",""
"5ee10f447f2fa81788c3eb26","Warlock (DVD) ","Warlock","","","UPC 031398684336","","","https://i5.walmartimages.com/asr/bc159009-40e1-4d12-8467-d9f262f80a56_1.698ad5cf222c25e294507abc6735b115.jpeg?odnHeight=450&odnWidth=450&odnBg=ffffff","",""
"5ee10f467f2fa81788c3eb27","Life Of Pi (blu-ray Disc) ","Life Of Pi","","BLURAY","EAN 5039036059725","","","http://img.bbystatic.com/BestBuy_US/images/products/nonsku/default_movies_l.jpg","",""
"5ee10f807f2fa81788c3eb28","Godzilla, movies ","Godzilla, movies","","","UPC 043396231290","","","https://target.scene7.com/is/image/Target/GUEST_9cc2285e-b6db-4ed0-a293-f6049d3b3d4f?wid=1000&hei=1000","",""
"5ee10f917f2fa81788c3eb29","X-men - Days Of Futu - Blu-ray - ","X-men - Days Of Futu","","BLURAY","EAN 5039036065771","","","https://i.ebayimg.com/images/i/324184926963-0-1/s-l1600.jpg","",""
"5ee10f967f2fa81788c3eb2a","The Fly (blu-ray Disc) ","The Fly","","BLURAY","EAN 5039036036825","","","http://img.bbystatic.com/BestBuy_US/images/products/nonsku/default_movies_l.jpg","",""
"5ee10f9a7f2fa81788c3eb2b","The Hobbit - The Battle Of The Five Armies <region B Bluray, Sealed> ","The Hobbit - The Battle Of The Five Armies","","BLURAY","EAN 5051892186353","","","https://i.ebayimg.com/images/i/392827032620-0-1/s-l1600.jpg","",""
"5ee10fa77f2fa81788c3eb2c","2010:year We Make Contact [dvd] [1984] [region 1] [us Import] [ntsc] - Dvd 48ln ","2010:year We Make Contact - 48ln","1984","","UPC 027616704627","","","https://i.ebayimg.com/images/i/253937161342-0-1/s-l1600.jpg","",""
"5ee10faf7f2fa81788c3eb2d","Go [dvd], Very Good Dvd, Scott Wolf, Sarah Polley, Timothy Olyphant, Desmond Ask ","Go , Very Good , Scott Wolf, Sarah Polley, Timothy Olyphant, Desmond Ask","","","EAN 5050582287615","","","https://i.ebayimg.com/images/i/113925060814-0-1/s-l1600.jpg","",""
"5ee10fb67f2fa81788c3eb2e","WESTWORLD [DVD] ","WESTWORLD","","","EAN 7321900570145","","","https://i5.walmartimages.com/asr/53fb180a-4b16-4330-a3e1-a438f0129eca_1.4d4ebbd9d75eeeef44af88de094989c2.jpeg?odnHeight=450&odnWidth=450&odnBg=ffffff","",""
"5ee10fba7f2fa81788c3eb2f","The Final Countdown (uk Import) Dvd ","The Final Countdown","","","EAN 5017633201037","","","https://i.ebayimg.com/images/i/362435844966-0-1/s-l1600.jpg","",""
"5ee10fbe7f2fa81788c3eb30","COLUMBIA TRISTAR HOME VIDEO ","COLUMBIA TRISTAR HOME VIDEO","","","UPC 043396717190","","","http://i5.walmartimages.com/asr/b0922b5e-558e-4c14-9a5a-949a56d829e0_1.a0ea475012e42f67a79b65380d8b2ae8.jpeg?odnHeight=450&odnWidth=450&odnBg=ffffff","",""
"5ee10fc37f2fa81788c3eb31","Russell Mulcahy - Highlander - D038352 - Dvd ","Russell Mulcahy - Highlander - D038352","","","EAN 7321900383523","","","https://i.ebayimg.com/images/i/324189083643-0-1/s-l1600.jpg","",""
"5ee10fc67f2fa81788c3eb32","Contact ","Contact","","","UPC 085391504122","","","https://i5.walmartimages.com/asr/2b4739fe-650f-447f-89da-8a18af2a090b_1.f41eb1962fc42b368d36f8c4be9d30fb.jpeg?odnHeight=450&odnWidth=450&odnBg=ffffff","",""
"5ee10fc97f2fa81788c3eb33","Merlin (uk Import) Dvd ","Merlin","","","EAN 5014138290566","","","https://i.ebayimg.com/00/s/NTA1WDM1Mg==/z/A8oAAOSwPnNapyE7/$_12.PNG?set_id=880000500F","",""
"5ee10fd87f2fa81788c3eb34","Iron Man Dvd Robert Downey Jr. Used ","Iron Man Robert Downey Jr. Used","","","EAN 5014437943033","","","https://i.ebayimg.com/images/i/223974122390-0-1/s-l1600.jpg","",""
"5ee10fdb7f2fa81788c3eb35","The Day After Tomorrow - Two Disc Edition [dvd] [2004], Very Good Dvd, Sasha Roi ","The Day After Tomorrow - Two Disc Edition , Very Good , Sasha Roi","2004","","EAN 5039036018494","","","https://i.ebayimg.com/images/i/392354753760-0-1/s-l1600.jpg","",""
"5ee10fde7f2fa81788c3eb36","Serenity (dvd, 2011) ","Serenity","2011","","EAN 5050582391671","","","https://i.ebayimg.com/images/i/254618516684-0-1/s-l1600.jpg","",""
"5ee10fe47f2fa81788c3eb37","Armageddon (DVD) ","Armageddon","","","UPC 717951000842","","","https://i5.walmartimages.com/asr/0bad59b3-af80-4ff0-a05a-46b658fd28eb_1.03f28c6e20e57434cce8cec3152b4e33.jpeg?odnHeight=450&odnWidth=450&odnBg=ffffff","",""
"5ee10fe97f2fa81788c3eb38","Matt Damon, Franka Potente-bourne Supremacy (uk Import) Dvd ","Matt Damon, Franka Potente-bourne Supremacy","","","EAN 5050582277654","","","https://i.ebayimg.com/00/s/NzE5WDUwMA==/z/GKEAAOSwYgFan7L0/$_1.JPG?set_id=880000500F","",""
"5ee10feb7f2fa81788c3eb39","The Bourne Identity - Blu Ray (2002) Matt Damon ","The Bourne Identity - Matt Damon","2002","BLURAY","EAN 5050582597301","","","https://i.ebayimg.com/images/i/373003495365-0-1/s-l1600.jpg","",""
"5ee10fed7f2fa81788c3eb3a","The Bourne Ultimatum - Dvd - ","The Bourne Ultimatum","","","EAN 5050582508291","","","https://i.ebayimg.com/images/i/383570964904-0-1/s-l1600.jpg","",""
"5ee110047f2fa81788c3eb3b","69925 Dvd - The Lord Of The Rings The Fellowship Of The Ring 2002 Edv 9169 ","69925 - The Lord Of The Rings The Fellowship Of The Ring Edv 9169","2002","","EAN 5017239191695","","","https://i.ebayimg.com/images/i/274328469816-0-1/s-l1600.jpg","",""
"5ee110067f2fa81788c3eb3c","The Lord Of The Rings The Two - The Lord Of The Ring ","The Lord Of The Rings The Two - The Lord Of The Ring","","","EAN 5017239191794","","","https://i.ebayimg.com/images/i/373075357310-0-1/s-l1600.jpg","",""
"5ee1104c7f2fa81788c3eb40","It - Blu-ray - ","It","","BLURAY","EAN 5051892211451","","","https://i.ebayimg.com/images/i/383571028275-0-1/s-l1600.jpg","",""
"5ee110517f2fa81788c3eb41","It Chapter Two - Dvd - ","It Chapter Two","","","EAN 5051892225335","","","https://i.ebayimg.com/images/i/324184957000-0-1/s-l1600.jpg","",""
"5ee110557f2fa81788c3eb42","Warcraft Bd/uv+blizzard Insert (uk Import) Blu-ray ","Warcraft Bd/uv+blizzard Insert","","BLURAY","EAN 5053083079475","","","https://i.ebayimg.com/images/i/133426511685-0-1/s-l1600.jpg","",""
"5ee110587f2fa81788c3eb43","Hotel Artemis <region B Bluray, Sealed> ","Hotel Artemis","","BLURAY","EAN 5051892215954","","","https://i.ebayimg.com/images/i/373075479578-0-1/s-l1600.jpg","",""
"5ee1105a7f2fa81788c3eb44","Dark Star (blu-ray Disc) ","Dark Star","","BLURAY","EAN 5030697020192","","","http://img.bbystatic.com/BestBuy_US/images/products/nonsku/default_movies_l.jpg","",""
"5ee1105d7f2fa81788c3eb45","Jumanji: Welcome To The Jungle (non Uv) (uk Import) Blu-ray ","Jumanji: Welcome To The Jungle","","BLURAY","EAN 5050629306781","","","https://i.ebayimg.com/images/i/133426513140-0-1/s-l1600.jpg","",""
"5ee1105f7f2fa81788c3eb46","Godzilla - King Of T - Blu-ray - ","Godzilla - King Of T","","BLURAY","EAN 5051892219907","","","https://i.ebayimg.com/images/i/373049163705-0-1/s-l1600.jpg","",""
"5ee110617f2fa81788c3eb47","LOOPER ","LOOPER","","","EAN 5030305516130","","","https://i5.walmartimages.com/asr/837c318e-ee8d-4160-b048-191c4b2e287c_1.297a423cad0d7a46d5b2fca394540d12.jpeg?odnHeight=450&odnWidth=450&odnBg=ffffff","",""
"5ee110637f2fa81788c3eb48","Martian Extended Edition The (uk Import) Dvd [region 2] ","Martian Extended Edition The","","","EAN 5039036076777","","","https://i.ebayimg.com/images/i/363009785478-0-1/s-l1600.jpg","",""
"5ee110657f2fa81788c3eb49","Life - Blu-ray - ","Life","","BLURAY","EAN 5050629802634","","","https://i.ebayimg.com/images/i/373070957272-0-1/s-l1600.jpg","",""
"5ee1106a7f2fa81788c3eb4a","The Mask <region B Bluray, Sealed> ","The Mask","","BLURAY","EAN 5051892201919","","","https://i.ebayimg.com/images/i/164231860727-0-1/s-l1600.jpg","",""
"5ee1106f7f2fa81788c3eb4b","Clerks - 10th Anniversary Edition (3 Disc Special Edition Box Set) [dvd], Very ","Clerks - 10th Anniversary Edition , Very","","","EAN 8717418048860","","","https://i.ebayimg.com/images/i/123689786279-0-1/s-l1600.jpg","",""
"5ee110737f2fa81788c3eb4c","Cathy Come Home - Dvd - ","Cathy Come Home","","","EAN 5051561033254","","","https://i.ebayimg.com/images/i/383571028366-0-1/s-l1600.jpg","",""
"5ee110767f2fa81788c3eb4d","The Hitmans Bodyguar - Blu-ray - ","The Hitmans Bodyguar","","BLURAY","EAN 5055761910889","","","https://i.ebayimg.com/images/i/373014794834-0-1/s-l1600.jpg","",""
"5ee110797f2fa81788c3eb4e","Let The Right One In Bluray (2009) Horror Very Good Condition ","Let The Right One In Horror Very Good Condition","2009","BLURAY","EAN 5060116724752","","","https://i.ebayimg.com/images/i/283905984037-0-1/s-l1600.jpg","",""
"5ee110957f2fa81788c3eb4f","Clerks 2 - Phe9178 - Dvd ","Clerks 2 - Phe9178","","","EAN 5014437917836","","","https://i.ebayimg.com/images/i/383576989116-0-1/s-l1600.jpg","",""
"5f033dd97f2fa80c70c007e0","Snowpiercer =region B Bluray,sealed= ","Snowpiercer =region B ,sealed=","","BLURAY","EAN 5055761914825","","","https://i.ebayimg.com/images/i/164263741874-0-1/s-l1600.jpg","",""
"5f033de87f2fa80c70c007e1","The Hunger Games MockingJay Part 1 [Blu-ray] [2018] [DVD] ","The Hunger Games MockingJay Part 1","2018","BLURAY","EAN 5055761904130","","","https://i30.onbuy.com/product/aa0ef176a11f4223b7ec8edb5cda90a1-l8663256.jpg","",""
"5f11c8537f2fa822508b8358","Godfather Trilogy [region B] [blu-ray] - Dvd - - Free Shipping. ","Godfather Trilogy - Free Shipping.","","BLURAY","EAN 5053083194086","","","https://i.ebayimg.com/images/i/164252270516-0-1/s-l1600.jpg","",""
"5f1b07e77f2fa81d6803d933","Colossus - The Forbin Project [1970] [dvd] Used Very Good Uk Region 2 ","Colossus - The Forbin Project Used Very Good Uk Region 2","1970","","EAN 5030697015129","","","https://i.ebayimg.com/images/i/223468783897-0-1/s-l1600.jpg","",""
"6449b0097f2fa82c80e63651","Id1398z - It Chapter Two - Dvd - ","Id1398z - It Chapter Two","","","EAN 5051892225335","","","https://upcitemdb.s3.amazonaws.com/3827-530079892.webp","",""
"6449b0097f2fa82c80e63652","Warcraft: The Beginning 5053083079475 With Dominic Cooper Region B, Brand ","Warcraft: The Beginning 5053083079475 With Dominic Cooper Region B, Brand","","","EAN 5053083079475","","","https://i.ebayimg.com/images/i/362502256223-0-1/s-l1600.jpg","",""
"646f8ec97f2fa828c8ca7a47","Dave Weckl: How to Practice (DVD video) ","Dave Weckl: How to Practice","","","UPC 798408050825","","","https://upcitemdb.s3.amazonaws.com/1846-54573352.webp","",""
"6783d3dc7eb1792d8471a211","Dexter Season 6","Dexter Season 6","","","5014437165336","","","https://images.ean-db.com/501/443/716/5014437165336/7aa0dd41e48fcc3ed9cc36a5f7241ada64b4a9d724fcd84f717767054ba60401.jpg","",""
"6783d8277eb1792d8471a212","2 disc edition Harry potter and the philosophers Stone","2 disc edition Harry potter and the philosophers Stone","","","7321900226592","","","image_url","",""
"6783ecb90aa2e81f1812672d","Harry potter and the order of the pheonix","Harry potter and the order of the pheonix","","","7321902174921","","","image_url","",""
"6783ece30aa2e81f1812672e","Elevation Sales BUY4033201 movie/video","Elevation Sales BUY4033201 movie/video","","","5056719200199","","","image_url","",""
"6783ecf70aa2e81f1812672f","The Bourne Ultimatum","The Bourne Ultimatum","","","5050582508291","","","image_url","",""
"6783ecfa0aa2e81f18126730","Elevation Sales SBRN7641 movie/video","Elevation Sales SBRN7641 movie/video","","","5050629764147","","","image_url","",""
"6783ecff0aa2e81f18126731","20th Century Fox Teen Wolf","20th Century Fox Teen Wolf","","","5039036049504","","","image_url","",""
"6783ed050aa2e81f18126732","Eternals(Blu-ray)","Eternals","","BLURAY","8717418602345","","","image_url","",""
"6783ed080aa2e81f18126733","The Hobbit: The Battle of the Five Armies [Blu-ray] [2015] [Region Free]","The Hobbit: The Battle of the Five Armies","2015","BLURAY","5051892186353","","","image_url","",""
"6783ed270aa2e81f18126734","Life (2017)","Life","2017","","5050629802634","","","image_url","",""
"6783ed320aa2e81f18126735","Movie - Bourne Supremacy + Book","Movie - Bourne Supremacy + Book","","","5050582277654","","","image_url","",""
"6783ee6a0aa2e81f18126736","The Hunger Games: Mockingjay - Part 1 [Blu-Ray]","The Hunger Games: Mockingjay - Part 1","","BLURAY","5055761904130","","","image_url","",""
"6783ee6f0aa2e81f18126737","The Hunger Games: Mockingjay Part 2 (Includes UltraViolet Copy)","The Hunger Games: Mockingjay Part 2","","","5055761906875","","","image_url","",""
"6783ee750aa2e81f18126738","The Hunger Games (Blu-ray) (2 disc)","The Hunger Games","","BLURAY","5060223767291","","","image_url","",""
"6783ee7b0aa2e81f18126739","Hunger Games Catching Fire","Hunger Games Catching Fire","","","5055761901153","","","image_url","",""
"6783efa30aa2e81f1812673a","Thing (1982/2011)","Thing","","","5050582887259","","","image_url","",""
"6783f0770aa2e81f1812673b","Jungle Cruise(Blu-ray)","Jungle Cruise","","BLURAY","8717418575021","","","image_url","",""
"6783f07c0aa2e81f1812673c","Archive","Archive","","","5060797571836","","","image_url","",""
"6783f0a90aa2e81f1812673e","Morbius","Morbius","","","5050629611939","","","image_url","",""
"6783f0af0aa2e81f1812673f","Warner Bros Joker","Warner Bros Joker","","","5051892225564","","","image_url","",""
"6783f0b20aa2e81f18126740","Marvel Studios Black Widow [Blu-ray] (2021) [Region Free]","Marvel Studios Black Widow","2021","BLURAY","8717418592523","","","image_url","",""
"6783f0c10aa2e81f18126741","Shang-Chi and the Legend of the Ten Rings(Blu-ray)","Shang-Chi and the Legend of the Ten Rings","","BLURAY","8717418599607","","","image_url","",""
"6783f0c30aa2e81f18126742","Warner Bros The Batman","Warner Bros The Batman","","","5051892235631","","","image_url","",""
"6783f0cc0aa2e81f18126743","Warner Bros The Suicide Squad","Warner Bros The Suicide Squad","","","5051892232814","","","image_url","",""
"6783f21a0aa2e81f18126745","Deadpool","Deadpool","","","5039036076906","","","image_url","",""
"6783f2310aa2e81f18126746","Warner Bros Aquaman","Warner Bros Aquaman","","","5051892220446","","","image_url","",""
"6783f2520aa2e81f18126747","Man Of Steel (Blu-ray) (Import)","Man Of Steel","","BLURAY","5051892140324","","","image_url","",""
"6783f27d0aa2e81f18126748","King Kong (2005)","King Kong","2005","","5050582597295","","","image_url","",""
"6783f2ac0aa2e81f18126749","Warner Bros Godzilla: King of the Monsters","Warner Bros Godzilla: King of the Monsters","","","5051892219907","","","image_url","",""
"6783f2af0aa2e81f1812674a","Warner Bros Godzilla vs. Kong","Warner Bros Godzilla vs. Kong","","","5051892232692","","","image_url","",""
"6783f2bc0aa2e81f1812674b","Alien: Covenant(Blu-ray)","Alien: Covenant","","BLURAY","5039036081283","","","image_url","",""
"6783f32f0aa2e81f1812674c","Greatest Showman(Blu-ray)","Greatest Showman","","BLURAY","5039036082853","","","image_url","",""
"6783f3340aa2e81f1812674d","Life of Pi","Life of Pi","","","5039036059725","","","image_url","",""
"6783f35b0aa2e81f1812674e","Movie - Indiana Jones Quadrilogy","Movie - Indiana Jones Quadrilogy","","","5051368203638","","","image_url","",""
"6783f3750aa2e81f1812674f","Jurassic World","Jurassic World","","","5053083044992","","","image_url","",""
"6783f3790aa2e81f18126750","Jurassic Park Ultimate..","Jurassic Park Ultimate..","","","5050582962208","","","image_url","",""
"6783f40a0aa2e81f18126751","Star Trek Into Darkness (Import) (Blu-ray 3D + Blu-ray) [Region Free]","Star Trek Into Darkness","","BLURAY","5051368250434","","","image_url","",""
"6783f4160aa2e81f18126752","Star Trek: The Next Generation - Taste of the Next Generation","Star Trek: The Next Generation - Taste of the Next Generation","","","5051368232935","","","image_url","",""
"6783f42d0aa2e81f18126753","Star Wars: The Complete..","Star Wars: The Complete..","","","5039036046671","","","image_url","",""
"6783f43b0aa2e81f18126754","Warner Bros Tenet","Warner Bros Tenet","","","5051892226813","","","image_url","",""
"6783f4430aa2e81f18126755","Star Wars The Force Awakens - Limited Edition Dark Side Sleeve","Star Wars The Force Awakens - Limited Edition Dark Side Sleeve","","","8717418478155","","","image_url","",""
"6783f4450aa2e81f18126756","Star Wars Episode Viii: Last Jedi","Star Wars Episode Viii: Last Jedi","","","8717418523824","","","image_url","",""
"6783f44c0aa2e81f18126757","Blade Runner - The Final Cut","Blade Runner - The Final Cut","","","7321902144825","","","image_url","",""
"6783f49e0aa2e81f18126758","Dawn of the Planet of the Apes [Blu-ray UV Copy]","Dawn of the Planet of the Apes","","BLURAY","5039036066679","","","image_url","",""
"6783f4a10aa2e81f18126759","Rise Of The Planet Of The Apes","Rise Of The Planet Of The Apes","","","5039036048668","","","image_url","",""
"6783f4b10aa2e81f1812675a","War of the Worlds (Remake)","War of the Worlds","","","5051368216812","","","image_url","",""
"6783f4b30aa2e81f1812675b","Planet Of The Apes","Planet Of The Apes","","","5039036016810","","","image_url","",""
"6783f4bb0aa2e81f1812675c","John Wick (Blu-ray) (Import)","John Wick","","BLURAY","5051892186452","","","image_url","",""
"6783f4c00aa2e81f1812675d","Elevation Sales LIB96064","Elevation Sales LIB96064","","","5055761916089","","","image_url","",""
"6783f4f80aa2e81f1812675e","Terminator Salvation","Terminator Salvation","","","5050629142617","","","image_url","",""
"6783f5060aa2e81f1812675f","Total Recall (2012) - Movie","Total Recall - Movie","2012","","5051124329398","","","image_url","",""
"6783f5090aa2e81f18126760","Mechanic 2: Resurrection","Mechanic 2: Resurrection","","","5055761908596","","","image_url","",""
"6783f5a80aa2e81f18126761","Elysium (Blu-ray UV Copy)","Elysium","","BLURAY","5051124329695","","","image_url","",""
"6783f5b70aa2e81f18126762","Beyond Skyline","Beyond Skyline","","","5060262856178","","","image_url","",""
"6783f5bd0aa2e81f18126763","Lucy","Lucy","","","5053083016159","","","image_url","",""
"6783f5ce0aa2e81f18126764","Disney Lone Ranger","Disney Lone Ranger","","","8717418413323","","","image_url","",""
"6783f5e40aa2e81f18126766","Contagion","Contagion","","","5051892074216","","","image_url","",""
"6783f5ec0aa2e81f18126767","Warner Home Video A.I. Artificial Intelligence","Warner Home Video A.I. Artificial Intelligence","","","7321900213301","","","image_url","",""
"6783f60e0aa2e81f18126768","I Am Legend (Blu-ray) (Import)","I Am Legend","","BLURAY","7321900176354","","","image_url","",""
"6783f62e0aa2e81f18126769","Maze Runner: The Scorch Trials","Maze Runner: The Scorch Trials","","","5039036075442","","","image_url","",""
"6783f6360aa2e81f1812676a","The Legend Of Tarzan (Blu-ray) (Import)","The Legend Of Tarzan","","BLURAY","5051892196307","","","image_url","",""
"6783f63c0aa2e81f1812676b","Divergent","Divergent","","","5030305518158","","","image_url","",""
"6783f6560aa2e81f1812676c","Lions Gate Ninth","Lions Gate Ninth","","","0012236104353","","","image_url","",""
"6783f6640aa2e81f1812676e","The Motorcycle Diaries ","The Motorcycle Diaries","","","6867445000996","Uncategorized","[]","https://s4.thcdn.com/productimg/0/600/600/65/10032765-1308571331-625574.jpg","upcitemdb",""
"6783f6700aa2e81f1812676f","Fast & Furious 8","Fast & Furious 8","","","5053083115258","Uncategorized","[]","https://s4.thcdn.com/productimg/960/960/11437439-1114510993253208.jpg","upcitemdb",""
"6783f6ad0aa2e81f18126770","Morgan","Morgan","","","5039036078856","Uncategorized","[]","https://stiletto.ddns.net/MagnoliumApiCore/api/discs/covers/5039036078856.png?v=1789496811","manual",""
"6783f6b90aa2e81f18126771","I Robot","I Robot","","","5039036036870","Uncategorized","[]","https://stiletto.ddns.net/MagnoliumApiCore/api/discs/covers/5039036036870.png?v=1789496844","manual",""
"6784507be4085b038c32ce1c","Predators","Predators","","","5039036045438","Uncategorized","[]","https://stiletto.ddns.net/MagnoliumApiCore/api/discs/covers/5039036045438.png?v=1789496867","manual",""
"67845158e4085b038c32ce1d","Boys From Brazil","Boys From Brazil","","","5037115291332","","","image_url","",""
"67845161e4085b038c32ce1e","Sony The Seventh Sign","Sony The Seventh Sign","","","5035822136731","","","image_url","",""
"67845170e4085b038c32ce1f","Galaxy Quest (D)","Galaxy Quest","","","0678149091397","","","image_url","",""
"6784517ce4085b038c32ce20","Star Trek 1-10 - Remastered Box Set","Star Trek 1-10 - Remastered Box Set","","","5051368245935","","","image_url","",""
"67845186e4085b038c32ce21","Let The Right One In (Blu-Ray)","Let The Right One In","","BLURAY","5060116724752","","","image_url","",""
"67845188e4085b038c32ce22","Dark Star","Dark Star","","","5030697020192","","","image_url","",""
"67845194e4085b038c32ce23","Warner Bros IT","Warner Bros IT","","","5051892211451","","","image_url","",""
"67845198e4085b038c32ce24","Warner Bros IT Chapter Two","Warner Bros IT Chapter Two","","","5051892225335","","","image_url","",""
"678451a8e4085b038c32ce25","Warcraft: The Beginning","Warcraft: The Beginning","","","5053083079475","","","image_url","",""
"679d344fc168ce155c963bf5","X-men: Dark Phoenix","X-men: Dark Phoenix","","","5039036093071","","","image_url","",""
