_id,title,main_title,year,format,barcode,category,cast,image_url,cover_source,notes
5ee109017f2fa81788c3ea91,300,300,2007,,EAN 7321902162850,FANTASY / ADVENTURE,,https://i.ebayimg.com/images/i/133104457468-0-1/s-l1600.jpg,,
5ee10d9e7f2fa81788c3eafe,2012,2012,2010,BLURAY,EAN 5050629062014,SCI-FI,,https://i.ebayimg.com/images/i/163303119702-0-1/s-l1600.jpg,,
5ee107097f2fa81788c3ea4b,2 Fast 2 Furious,2 Fast 2 Furious,,,EAN 5050582063233,SCI-FI,,https://i.ebayimg.com/images/i/324184788783-0-1/s-l1600.jpg,,
5ee109987f2fa81788c3eaa6,2001: A Space Odyssey,2001: A Space Odyssey,,BLURAY,EAN 7321900798389,SCI-FI,,http://ecx.images-amazon.com/images/I/51jYA7Mv32L._SL160_.jpg,,
5ee109977f2fa81788c3eaa5,2010: The Year We Make Contact ,2010: The Year We Make Contact ,1984,BLURAY,EAN 5051892004749,SCI-FI,,https://i.ebayimg.com/00/s/NTAwWDM2OA==/z/npcAAOSwUMVaIbJ1/$_1.JPG?set_id=8800005007,,
5ee10fa77f2fa81788c3eb2c,2010: The Year We Make Contact ,2010: The Year We Make Contact ,1984,,UPC 027616704627,THRILLER / ADVENTURE,,https://i.ebayimg.com/images/i/253937161342-0-1/s-l1600.jpg,,
5edfc9577f2faa1018068911,24 - Redemption,24 - Redemption,,,EAN 5039036038829,THRILLER / ADVENTURE,,https://i.ebayimg.com/images/i/324189082585-0-1/s-l1600.jpg,,
5edfc95e7f2faa1018068912,24 Season 2,24 Season 2,,,EAN 5039036013031,THRILLER / ADVENTURE,,https://i.ebayimg.com/images/i/373061599086-0-1/s-l1600.jpg,,
5edfc9657f2faa1018068913,24 Season 3,24 Season 3,,,EAN 5039036017329,THRILLER / ADVENTURE,,https://i.ebayimg.com/images/i/324184927143-0-1/s-l1600.jpg,,
5edfc9787f2faa1018068914,24 Season 4,24 Season 4,,,EAN 5039036020336,THRILLER / ADVENTURE,,https://i.ebayimg.com/images/i/373070957869-0-1/s-l1600.jpg,,
5edfc9827f2faa1018068915,24 Season 5,24 Season 5,,,EAN 5039036026130,THRILLER / ADVENTURE,,https://i.ebayimg.com/images/i/383570964215-0-1/s-l1600.jpg,,
5edfc9887f2faa1018068916,24 Season 6,24 Season 6,,,EAN 5039036033534,THRILLER / ADVENTURE,,https://i.ebayimg.com/images/i/383542038940-0-1/s-l1600.jpg,,
5edfc98d7f2faa1018068917,24 Season 7,24 Season 7,,,EAN 5039036041072,THRILLER / ADVENTURE,,https://i.ebayimg.com/images/i/114240411417-0-1/s-l1600.jpg,,
5edfc9937f2faa1018068918,24 The Final Season,24 The Final Season,,,EAN 5039036043779,THRILLER / ADVENTURE,,https://i.ebayimg.com/images/i/392321222138-0-1/s-l1600.jpg,,
5ee107e47f2fa81788c3ea65,A.I. Artificial Intelligence,A.I. Artificial Intelligence,,,EAN 7321900213301,SCI-FI,,https://i.ebayimg.com/images/i/324184983454-0-1/s-l1600.jpg,,
6783f5ec0aa2e81f18126767,A.I. Artificial Intelligence,A.I. Artificial Intelligence,,,7.3219E+12,SCI-FI,,image_url,,
5edfd1357f2fab10183138c9,About A Boy,About A Boy,,,EAN 3259190383999,ROMANCE,,https://i.ebayimg.com/images/i/383576990596-0-1/s-l1600.jpg,,
5ee10c2d7f2fa81788c3eaf4,Abraham Lincoln ,Abraham Lincoln ,,BLURAY,EAN 5039036054966,DRAMA,,https://i.ebayimg.com/images/i/324184927096-0-1/s-l1600.jpg,,
5edfc8637f2faa1018068907,Absolutely Fabulous,Absolutely Fabulous,,BLURAY,EAN 5039036077866,COMEDY,,https://i.ebayimg.com/images/i/383571028784-0-1/s-l1600.jpg,,
5ee108fb7f2fa81788c3ea8f,After Earth,After Earth,,BLURAY,EAN 5051124451990,SCI-FI,,https://i.ebayimg.com/images/i/392807879880-0-1/s-l1600.jpg,,
5ee106157f2fa81788c3ea27,Air Force One,Air Force One,,,EAN 5017188883153,THRILLER / ADVENTURE,,https://i.ebayimg.com/images/i/324188879762-0-1/s-l1600.jpg,,
5edfc8697f2faa1018068908,Airplane,Airplane,,,EAN 5014437804631,COMEDY,,https://i.ebayimg.com/images/i/362965888459-0-1/s-l1600.jpg,,
5edfc90d7f2faa101806890d,Alfred Hitchcock - The Masterpiece Collection,Alfred Hitchcock - The Masterpiece Collection,,,EAN 5050582912807,DRAMA,,https://i5.walmartimages.com/asr/204caf13-64ff-4c07-aee4-00f7f0767f19_1.e08bd07bc1145cdc647032085271498d.jpeg?odnHeight=450&odnWidth=450&odnBg=ffffff,,
5ee109907f2fa81788c3eaa3,Alien Anthology,Alien Anthology,,BLURAY,EAN 5039036044776,SCI-FI,,http://img.bbystatic.com/BestBuy_US/images/products/nonsku/default_movies_l.jpg,,
5ee10b757f2fa81788c3eae6,Alien Covenant,Alien Covenant,,,EAN 5039036081283,SCI-FI,,https://i.ebayimg.com/images/i/114244662779-0-1/s-l1600.jpg,,
5ee10da87f2fa81788c3eb02,Alien Vs Predator,Alien Vs Predator,,BLURAY,EAN 5039036038812,SCI-FI,,http://img.bbystatic.com/BestBuy_US/images/products/nonsku/default_movies_l.jpg,,
6783f2bc0aa2e81f1812674b,Alien: Covenant,Alien: Covenant,,BLURAY,5.03904E+12,SCI-FI,,image_url,,
5ee10af57f2fa81788c3eac3,Amazing Spider-man 2,Amazing Spider-man 2,,BLURAY,EAN 5051124139997,SCI-FI,,https://i.ebayimg.com/images/i/373070861013-0-1/s-l1600.jpg,,
5edfcc567f2fab1018313851,American Dad Season,American Dad Season,,,EAN 5039036024723,COMEDY,,https://i.ebayimg.com/images/i/372989364992-0-1/s-l1600.jpg,,
5edfcd7e7f2fab1018313871,American Pie,American Pie,,,25192073526,COMEDY,[],https://i5.walmartimages.com/asr/4b7e9995-d7fc-45c7-bf33-e69769103f9e_1.217747d5ff0d8a0943f7df4630fec835.jpeg?odnHeight=450&odnWidth=450&odnBg=ffffff,,
5edfcd467f2fab1018313867,Andrew Lloyd Webber - Cats,Andrew Lloyd Webber - Cats,,,EAN 3259190255098,MUSICAL,,https://i.ebayimg.com/images/i/324184956938-0-1/s-l1600.jpg,,
5edfcd427f2fab1018313866,Andrew Lloyd Webber: The Royal Albert Hall Celebration,Andrew Lloyd Webber: The Royal Albert Hall Celebration,1998,,EAN 3259190200920,MUSICAL,,https://i.ebayimg.com/images/i/352890417844-0-1/s-l1600.jpg,,
5edfcce27f2fab101831385e,Annie & Oliver ,Annie & Oliver ,2007,,EAN 5035822708914,MUSICAL,,https://i.ebayimg.com/images/i/293064173852-0-1/s-l1600.jpg,,
5edfccd97f2fab101831385d,Annie Get Your Gun,Annie Get Your Gun,,,EAN 7321901654387,MUSICAL,,https://i.ebayimg.com/images/i/164224184225-0-1/s-l1600.jpg,,
5ee107237f2fa81788c3ea52,Antitrust ,Antitrust ,2001,,EAN 5050070007251,THRILLER / ADVENTURE,,https://i.ebayimg.com/images/i/333249227444-0-1/s-l1600.jpg,,
5ee10a9f7f2fa81788c3eab4,Ant-man,Ant-man,,BLURAY,EAN 8717418468200,SCI-FI,,https://i.ebayimg.com/images/i/363009832518-0-1/s-l1600.jpg,,
5ee10a9c7f2fa81788c3eab3,Ant-man And The Wasp,Ant-man And The Wasp,,BLURAY,EAN 8717418538514,SCI-FI,,https://i.ebayimg.com/images/i/373071003416-0-1/s-l1600.jpg,,
5ee10b607f2fa81788c3eae2,Aquaman,Aquaman,,BLURAY,EAN 5051892220446,SCI-FI,,https://i.ebayimg.com/images/i/373077985375-0-1/s-l1600.jpg,,
6783f2310aa2e81f18126746,Aquaman,Aquaman,,,5.05189E+12,SCI-FI,,image_url,,
6783f07c0aa2e81f1812673c,Archive,Archive,,,5.0608E+12,THRILLER / ADVENTURE,,image_url,,
5ee10fe47f2fa81788c3eb37,Armageddon,Armageddon,,,UPC 717951000842,SCI-FI,,https://i5.walmartimages.com/asr/0bad59b3-af80-4ff0-a05a-46b658fd28eb_1.03f28c6e20e57434cce8cec3152b4e33.jpeg?odnHeight=450&odnWidth=450&odnBg=ffffff,,
5ee10b7d7f2fa81788c3eaea,Arrival,Arrival,,BLURAY,EAN 5039036079280,SCI-FI,,https://i.ebayimg.com/images/i/373073173455-0-1/s-l1600.jpg,,
5edfd0617f2fab10183138af,Australia ,Australia ,2009,,EAN 5039036040990,ROMANCE,,https://i.ebayimg.com/images/i/283901933950-0-1/s-l1600.jpg,,
5ee10da07f2fa81788c3eaff,Avatar: Collector's Exten,Avatar,,BLURAY,EAN 5039036045544,SCI-FI,,https://i.ebayimg.com/images/i/133428637601-0-1/s-l1600.jpg,,
5ee10b197f2fa81788c3eace,Avengers Age Of Ultron,Avengers Age Of Ultron,,BLURAY,EAN 8717418458959,SCI-FI,,https://i.ebayimg.com/images/i/254513155287-0-1/s-l1600.jpg,,
5ee10b167f2fa81788c3eacd,Avengers Assemble ,Avengers Assemble ,,BLURAY,EAN 8717418358549,SCI-FI,,https://i5.walmartimages.com/asr/c6cc4016-fb6c-4122-af78-8b8a30b84385_1.3200918896fed3b59ea89cda7468fc04.jpeg?odnHeight=450&odnWidth=450&odnBg=ffffff,,
5ee10b4b7f2fa81788c3eadb,Avengers: Infinity War,Avengers: Infinity War,,BLURAY,EAN 8717418532673,SCI-FI,,https://i5.walmartimages.com/asr/04ee1e55-90bd-49af-8b47-00f20252653a_1.2238b532b9b5ca17f142c9c16bba911a.jpeg?odnHeight=450&odnWidth=450&odnBg=ffffff,,
5ee10d9c7f2fa81788c3eafd,Back To The Future Trilogy,Back To The Future Trilogy,2012,BLURAY,EAN 5050582788860,SCI-FI,,https://i.ebayimg.com/images/i/184153178238-0-1/s-l1600.jpg,,
5edfcd977f2fab1018313872,Bad Santa,Bad Santa,,,EAN 5035822910737,COMEDY,,https://i.ebayimg.com/images/i/373075357884-0-1/s-l1600.jpg,,
5ee10afd7f2fa81788c3eac5,Batman Begins,Batman Begins,,,EAN 5051892112635,SCI-FI,,http://ecx.images-amazon.com/images/I/413rwmogDQL._SL160_.jpg,,
5ee1080f7f2fa81788c3ea6c,Battle Los Angeles,Battle Los Angeles,,BLURAY,EAN 5050629938432,SCI-FI,,https://i.ebayimg.com/images/i/283893352430-0-1/s-l1600.jpg,,
5ee104767f2fa81788c3e9f3,Battlestar Galactica,Battlestar Galactica,,,EAN 5050582427080,SCI-FI,,https://i.ebayimg.com/images/i/383542038602-0-1/s-l1600.jpg,,
5ee104797f2fa81788c3e9f4,Battlestar Galactica Season One,Battlestar Galactica Season One,2004,,EAN 5050582334500,SCI-FI,,https://i.ebayimg.com/images/i/383204403668-0-1/s-l1600.jpg,,
5edfd1047f2fab10183138bd,Beaches,Beaches,,,EAN 5017188887014,ROMANCE,,https://i.ebayimg.com/images/i/324189083413-0-1/s-l1600.jpg,,
5edfc8357f2faa1018068900,Bee Movie,Bee Movie,,,5.05119E+12,ANIMATION / COMEDY,[],https://stiletto.ddns.net/MagnoliumApiCore/api/discs/covers/5051189135231.png?v=1789497591,manual,
5edfce937f2fab1018313885,Beetlejuice,Beetlejuice,,BLURAY,EAN 7321900216654,COMEDY,,http://img.bbystatic.com/BestBuy_US/images/products/nonsku/default_movies_l.jpg,,
5ee108147f2fa81788c3ea6f,Beyond Skyline,Beyond Skyline,,BLURAY,EAN 5060262856178,SCI-FI,,https://i.ebayimg.com/images/i/324184927268-0-1/s-l1600.jpg,,
6783f5b70aa2e81f18126762,Beyond Skyline,Beyond Skyline,,,5.06026E+12,SCI-FI,,image_url,,
5ee108917f2fa81788c3ea83,Bicentennial Man,Bicentennial Man,2000,,EAN 5035822019836,SCI-FI,,https://i.ebayimg.com/images/i/362784771718-0-1/s-l1600.jpg,,
5edfc8597f2faa1018068905,Billy Connolly High,Billy Connolly High,,,EAN 5053083092122,COMEDY,,https://i.ebayimg.com/images/i/373075357830-0-1/s-l1600.jpg,,
5ee105117f2fa81788c3ea0b,Black Books 2,Black Books 2,,,EAN 5014138070243,COMEDY,,https://i.ebayimg.com/images/i/233238949286-0-1/s-l1600.jpg,,
5ee105167f2fa81788c3ea0d,Black Books Series 1,Black Books Series 1,,,EAN 5014138069117,COMEDY,,https://i.ebayimg.com/images/i/292986503456-0-1/s-l1600.jpg,,
5ee105137f2fa81788c3ea0c,Black Books: Series 1-3 ,Black Books: Series 1-3 ,2006,,EAN 5014138071486,COMEDY,,https://i.ebayimg.com/images/i/383204145640-0-1/s-l1600.jpg,,
5ee10b3e7f2fa81788c3ead5,Black Panther,Black Panther,,BLURAY,EAN 8717418527532,SCI-FI,,https://i.ebayimg.com/images/i/133426600988-0-1/s-l1600.jpg,,
5edfc80c7f2faa10180688fb,Black Swan ,Black Swan ,,BLURAY,EAN 5039036047104,DRAMA,,https://i.ebayimg.com/images/i/362837527658-0-1/s-l1600.jpg,,
6783f0b20aa2e81f18126740,Black Widow,Black Widow,2021,BLURAY,8.71742E+12,SCI-FI,,image_url,,
5ee106417f2fa81788c3ea2b,Blade,Blade,,,UPC 794043470929,SCI-FI,,https://i5.walmartimages.com/asr/257e423c-ff1f-44dd-bf10-6693734504c6_1.98da592f01102245e1ffd3dcaf668d5a.jpeg?odnHeight=450&odnWidth=450&odnBg=ffffff,,
5ee10a677f2fa81788c3eaaf,Blade Runner ,Blade Runner ,,,EAN 7321902144825,SCI-FI,,https://i.ebayimg.com/images/i/383576989713-0-1/s-l1600.jpg,,
6783f44c0aa2e81f18126757,Blade Runner - The Final Cut,Blade Runner - The Final Cut,,,7.3219E+12,SCI-FI,,image_url,,
5ee10a647f2fa81788c3eaae,Blade Runner 2049,Blade Runner 2049,,BLURAY,EAN 5050629049336,SCI-FI,,https://i.ebayimg.com/images/i/373070998103-0-1/s-l1600.jpg,,
5edfcd707f2fab101831386e,Blues Brothers,Blues Brothers,,,EAN 5050582037807,COMEDY,,https://i.ebayimg.com/images/i/383576989023-0-1/s-l1600.jpg,,
5edfd1fc7f2fab10183138e5,Bodyguard ,Bodyguard ,,,EAN 7321900336666,THRILLER / ADVENTURE,,https://i.ebayimg.com/images/i/383576988905-0-1/s-l1600.jpg,,
5edfc7cc7f2faa10180688f4,Bourne Supremacy,Bourne Supremacy,,BLURAY,EAN 5050582597318,THRILLER / ADVENTURE,,https://i.ebayimg.com/images/i/324184949121-0-1/s-l1600.jpg,,
67845158e4085b038c32ce1d,Boys From Brazil,Boys From Brazil,,,5.03712E+12,THRILLER / ADVENTURE,,image_url,,
5edfce877f2fab1018313883,Brave,Brave,,BLURAY,EAN 8717418366995,ANIMATION / FANATASY,,https://i.ebayimg.com/images/i/373073173582-0-1/s-l1600.jpg,,
5edfd0aa7f2fab10183138ba,Bridesmaids,Bridesmaids,,BLURAY,EAN 5050582866315,ROMANCE,,https://i.ebayimg.com/images/i/293412409044-0-1/s-l1600.jpg,,
5edfd1197f2fab10183138c2,Bridget Jones The Edge Of Reason,Bridget Jones The Edge Of Reason,,,EAN 5050582310641,ROMANCE,,https://i.ebayimg.com/images/i/324189082179-0-1/s-l1600.jpg,,
5edfd13c7f2fab10183138cb,Bridget Jones's Diary ,Bridget Jones's Diary ,,,EAN 5035822013346,ROMANCE,,https://i.ebayimg.com/images/i/373066085404-0-1/s-l1600.jpg,,
5edfcf157f2fab1018313897,Bruce Almighty,Bruce Almighty,,,EAN 5017188889322,COMEDY,,https://i.ebayimg.com/images/i/363006474997-0-1/s-l1600.jpg,,
5edfce787f2fab1018313880,Bug's Life,Bug's Life,,BLURAY,EAN 8717418254407,ANIMATION / COMEDY,,https://i.ebayimg.com/images/i/363009832449-0-1/s-l1600.jpg,,
5edfd1cc7f2fab10183138db,Calendar Girls,Calendar Girls,,,EAN 5017188811477,COMEDY,,https://i.ebayimg.com/images/i/283904582366-0-1/s-l1600.jpg,,
5ee10b067f2fa81788c3eac8,Captain America: Civil War,Captain America: Civil War,,,EAN 8717418484484,SCI-FI,,https://i.ebayimg.com/images/i/114244742671-0-1/s-l1600.jpg,,
5ee10b0a7f2fa81788c3eac9,Captain America: The First Avenger,Captain America: The First Avenger,2011,BLURAY,EAN 5051368222530,SCI-FI,,https://i.ebayimg.com/images/i/293371847807-0-1/s-l1600.jpg,,
5ee10b0e7f2fa81788c3eaca,Captain America: The First Avenger,Captain America: The First Avenger,,BLURAY,EAN 8717418413897,SCI-FI,,http://img.bbystatic.com/BestBuy_US/images/products/nonsku/default_movies_l.jpg,,
5ee10aab7f2fa81788c3eab7,Captain Marvel,Captain Marvel,,BLURAY,EAN 8717418546441,SCI-FI,,https://i.ebayimg.com/images/i/133426602637-0-1/s-l1600.jpg,,
5edfcb797f2fab101831383e,Carnivale Season 1,Carnivale Season 1,,,EAN 7321900253864,HORROR,,https://i.ebayimg.com/images/i/164234075723-0-1/s-l1600.jpg,,
5ee104bf7f2fa81788c3ea08,Casino Royale,Casino Royale,,,EAN 5035822350878,THRILLER / ADVENTURE,,https://i.ebayimg.com/images/i/114144375743-0-1/s-l1600.jpg,,
5ee110737f2fa81788c3eb4c,Cathy Come Home,Cathy Come Home,,,EAN 5051561033254,DRAMA,,https://i.ebayimg.com/images/i/383571028366-0-1/s-l1600.jpg,,
5ee106e27f2fa81788c3ea40,Cats And Dogs,Cats And Dogs,,,EAN 7321900212533,ANIMATION / COMEDY,,https://i.ebayimg.com/images/i/324187009988-0-1/s-l1600.jpg,,
5ee108a87f2fa81788c3ea88,Cat's Eye/silver Bul,Cat's Eye/silver Bullet,,,EAN 5055201804747,HORROR,,https://i.ebayimg.com/images/i/373071011131-0-1/s-l1600.jpg,,
5edfc8077f2faa10180688fa,Che Parts One And Two,Che Parts One And Two,,BLURAY,5.0552E+12,DRAMA,[],https://s4.thcdn.com/productimg/0/960/960/11/10032811-1403606577-302006.jpg,upcitemdb,
5ee10e8f7f2fa81788c3eb11,Chonicles Of Narnia,Chonicles Of Narnia,,,EAN 8717418086527,ADVENTURE / FANTASY,,https://i.ebayimg.com/images/i/114249701659-0-1/s-l1600.jpg,,
5edfce427f2fab1018313879,Chris Rock Never Scared,Chris Rock Never Scared,,,7.3219E+12,COMEDY,[],https://stiletto.ddns.net/MagnoliumApiCore/api/discs/covers/7321900253642.png?v=1789494844,manual,
5edfce3b7f2fab1018313878,Chris Rock: Bigger & Blacker,Chris Rock: Bigger & Blacker,,,UPC 026359168826,COMEDY,,https://i5.walmartimages.com/asr/d529a5b6-928d-4bef-8624-d6ac19e57657_1.fa5b964614ad1b6b439b417c2336d110.jpeg?odnHeight=450&odnWidth=450&odnBg=ffffff,,
5ee1106f7f2fa81788c3eb4b,Clerks,Clerks,,,EAN 8717418048860,COMEDY,,https://i.ebayimg.com/images/i/123689786279-0-1/s-l1600.jpg,,
5ee110957f2fa81788c3eb4f,Clerks 2 ,Clerks 2 ,,,EAN 5014437917836,COMEDY,,https://i.ebayimg.com/images/i/383576989116-0-1/s-l1600.jpg,,
5ee106177f2fa81788c3ea28,Clint Eastwood Collection,Clint Eastwood Collection,,,EAN 5039036034692,WESTERN,,https://i.ebayimg.com/images/i/133426511918-0-1/s-l1600.jpg,,
5ee10db27f2fa81788c3eb06,Close Encounters Of The Third Kind,Close Encounters Of The Third Kind,,BLURAY,EAN 5050629650112,SCI-FI,,http://img.bbystatic.com/BestBuy_US/images/products/nonsku/default_movies_l.jpg,,
5edfcda87f2fab1018313875,Cloud Atlas,Cloud Atlas,,BLURAY,EAN 5051892125888,SCI-FI,,https://i.ebayimg.com/images/i/164234075683-0-1/s-l1600.jpg,,
5ee106857f2fa81788c3ea35,Cloverfield,Cloverfield,,BLURAY,EAN 5051368202532,SCI-FI,,http://img.bbystatic.com/BestBuy_US/images/products/nonsku/default_movies_l.jpg,,
5ee107187f2fa81788c3ea4f,Collateral,Collateral,,,EAN 5014437862037,THRILLER / ADVENTURE,,https://i.ebayimg.com/images/i/283904582388-0-1/s-l1600.jpg,,
5f1b07e77f2fa81d6803d933,Colossus - The Forbin Project ,Colossus - The Forbin Project ,1970,,EAN 5030697015129,SCI-FI,,https://i.ebayimg.com/images/i/223468783897-0-1/s-l1600.jpg,,
5ee10c317f2fa81788c3eaf6,Con Air,Con Air,,BLURAY,EAN 8717418126773,THRILLER / ADVENTURE,,http://img.bbystatic.com/BestBuy_US/images/products/nonsku/default_movies_l.jpg,,
5ee109167f2fa81788c3ea94,Constantine,Constantine,,,UPC 085393894221,HORROR,,https://i5.walmartimages.com/asr/5378129b-4720-46c3-9c5c-77b46a9e561e_1.f8d51c6ebc50a2c5c07bed22b85ad225.jpeg?odnHeight=450&odnWidth=450&odnBg=ffffff,,
5ee10fc67f2fa81788c3eb32,Contact,Contact,,,UPC 085391504122,SCI-FI,,https://i5.walmartimages.com/asr/2b4739fe-650f-447f-89da-8a18af2a090b_1.f41eb1962fc42b368d36f8c4be9d30fb.jpeg?odnHeight=450&odnWidth=450&odnBg=ffffff,,
6783f5e40aa2e81f18126766,Contagion,Contagion,,,5.05189E+12,THRILLER / ADVENTURE,,image_url,,
5ee1080c7f2fa81788c3ea6b,Contagion ,Contagion ,2012,BLURAY,EAN 5051892074216,THRILLER / ADVENTURE,,https://i.ebayimg.com/images/i/323398264186-0-1/s-l1600.jpg,,
5ee10ecc7f2fa81788c3eb1f,Cowboys & Aliens,Cowboys & Aliens,2011,BLURAY,EAN 5051368222936,SCI-FI,,https://i.ebayimg.com/images/i/292978787494-0-1/s-l1600.jpg,,
5edfd1b37f2fab10183138d7,Cranford: The Complete Series 2,Cranford: The Complete Series 2,,,EAN 5014503254322,ROMANCE,,https://i.ebayimg.com/images/i/124208855452-0-1/s-l1600.jpg,,
5ee10ead7f2fa81788c3eb13,Crouching Tiger Hidden Dragon,Crouching Tiger Hidden Dragon,,,EAN 5035822105539,ADVENTURE / FANTASY,,https://i.ebayimg.com/images/i/184234549100-0-1/s-l1600.jpg,,
5edfc8d27f2faa101806890c,Dance Flick,Dance Flick,,,EAN 5014437107732,MUSICAL,,https://i.ebayimg.com/images/i/383004061717-0-1/s-l1600.jpg,,
5edfd1107f2fab10183138c0,Danielle Steel's Fine Things ,Danielle Steel's Fine Things ,,,EAN 5018011202127,ROMANCE,,https://i.ebayimg.com/images/i/113928673974-0-1/s-l1600.jpg,,
5edfd10c7f2fab10183138bf,Danielle Steel's Full Circle,Danielle Steel's Full Circle,,,EAN 5030305104498,ROMANCE,,http://i.ebayimg.com/00/s/NTA1WDM1NQ==/z/g6cAAOSwFV9X0yrJ/$_1.JPG?set_id=880000500F,,
5edfd11f7f2fab10183138c3,Danielle Steel's Message From Nam,Danielle Steel's Message From Nam,1993,,EAN 5018011202134,ROMANCE,,https://i.ebayimg.com/images/i/124171496238-0-1/s-l1600.jpg,,
5edfd0957f2fab10183138b5,Danielle Steel's Once In A Lifetime,Danielle Steel's Once In A Lifetime,,,EAN 5018011202141,ROMANCE,,https://i.ebayimg.com/images/i/123689761742-0-1/s-l1600.jpg,,
5ee107807f2fa81788c3ea55,Dante's Peak,Dante's Peak,,BLURAY,EAN 5050582797893,THRILLER / ADVENTURE,,http://img.bbystatic.com/BestBuy_US/images/products/nonsku/default_movies_l.jpg,,
5ee10ada7f2fa81788c3eabc,Daredevil ,Daredevil ,,,EAN 5039036013390,SCI-FI,,https://i.ebayimg.com/images/i/373075357543-0-1/s-l1600.jpg,,
5ee10e6d7f2fa81788c3eb10,Dark City,Dark City,,,EAN 5017239190056,SCI-FI,,https://i.ebayimg.com/images/i/362991860879-0-1/s-l1600.jpg,,
5ee10afc7f2fa81788c3eac4,Dark Knight Rises,Dark Knight Rises,,BLURAY,EAN 5051892077088,SCI-FI,,https://i.ebayimg.com/images/i/114220315117-0-1/s-l1600.jpg,,
5ee1105a7f2fa81788c3eb44,Dark Star,Dark Star,,BLURAY,EAN 5030697020192,SCI-FI,,http://img.bbystatic.com/BestBuy_US/images/products/nonsku/default_movies_l.jpg,,
67845188e4085b038c32ce22,Dark Star,Dark Star,,,5.0307E+12,SCI-FI,,image_url,,
5ee10b737f2fa81788c3eae5,Dawn Of The Planet Of The Apes,Dawn Of The Planet Of The Apes,,BLURAY,EAN 5039036066679,SCI-FI,,https://i.ebayimg.com/images/i/362875883540-0-1/s-l1600.jpg,,
6783f49e0aa2e81f18126758,Dawn Of The Planet Of The Apes,Dawn Of The Planet Of The Apes,,BLURAY,5.03904E+12,SCI-FI,,image_url,,
5ee10b017f2fa81788c3eac6,Deadpool,Deadpool,,BLURAY,EAN 5039036076906,SCI-FI,,https://i.ebayimg.com/images/i/133432977714-0-1/s-l1600.jpg,,
6783f21a0aa2e81f18126745,Deadpool,Deadpool,,,5.03904E+12,SCI-FI,,image_url,,
5ee10b047f2fa81788c3eac7,Deadpool 2,Deadpool 2,,BLURAY,EAN 5039036086370,SCI-FI,,https://i.ebayimg.com/images/i/373070958144-0-1/s-l1600.jpg,,
5ee1066f7f2fa81788c3ea2f,Death Wish,Death Wish,,BLURAY,EAN 5053083165130,THRILLER / ADVENTURE,,https://i.ebayimg.com/images/i/133430327309-0-1/s-l1600.jpg,,
5ee108067f2fa81788c3ea69,Deep Impact ,Deep Impact ,1998,BLURAY,EAN 5051368212012,SCI-FI,,https://i.ebayimg.com/images/i/283858180033-0-1/s-l1600.jpg,,
5edfd12a7f2fab10183138c6,Definitely Maybe,Definitely Maybe,,,EAN 5050582550870,SCI-FI,,https://i.ebayimg.com/images/i/373067998280-0-1/s-l1600.jpg,,
5ee1097f7f2fa81788c3ea9e,Demon Seed ,Demon Seed ,,,EAN 7321900501293,SCI-FI,,https://i.ebayimg.com/00/s/MTYwMFgxMjAw/z/1o8AAOSwdRparUFu/$_57.JPG?set_id=8800005007,,
5edfc8177f2faa10180688fd,Devil,Devil,,,5.05058E+12,HORROR,[],https://stiletto.ddns.net/MagnoliumApiCore/api/discs/covers/5050582813258.png?v=1789497532,manual,
5edfc92c7f2faa101806890e,Dexter - Seasons 1-5,Dexter - Seasons 1-5,,,EAN 5014437149534,HORROR,,https://i.ebayimg.com/images/i/383204402581-0-1/s-l1600.jpg,,
6783d3dc7eb1792d8471a211,Dexter Season 6,Dexter Season 6,,,5.01444E+12,HORROR,,https://images.ean-db.com/501/443/716/5014437165336/7aa0dd41e48fcc3ed9cc36a5f7241ada64b4a9d724fcd84f717767054ba60401.jpg,,
5ee1049c7f2fa81788c3e9fc,Diamonds Are Forever,Diamonds Are Forever,,,EAN 5050070002256,THRILLER / ADVENTURE,,https://i.ebayimg.com/images/i/363007682326-0-1/s-l1600.jpg,,
5ee1048c7f2fa81788c3e9f5,Die Another Day ,Die Another Day ,2002,,EAN 5050070009804,THRILLER / ADVENTURE,,https://i.ebayimg.com/images/i/362522371403-0-1/s-l1600.jpg,,
5edfd0687f2fab10183138b1,Dirty Dancing,Dirty Dancing,,,EAN 5035822100251,DRAMA,,https://i.ebayimg.com/images/i/153955559480-0-1/s-l1600.jpg,,
6783f63c0aa2e81f1812676b,Divergent,Divergent,,,5.03031E+12,SCI-FI,,image_url,,
5ee107937f2fa81788c3ea5b,Django Unchained,Django Unchained,2013,BLURAY,EAN 5051124175599,WESTERN,,https://i.ebayimg.com/images/i/362716573200-0-1/s-l1600.jpg,,
5edfcbad7f2fab1018313843,Doctor Who - The Complete Series 2,Doctor Who - The Complete Series 2,,,EAN 5014503212223,SCI-FI,,https://i.ebayimg.com/images/i/333246880881-0-1/s-l1600.jpg,,
5edfd0917f2fab10183138b4,Doctor Zhivago,Doctor Zhivago,,,EAN 7321900655712,SCI-FI,,https://i.ebayimg.com/images/i/383571036458-0-1/s-l1600.jpg,,
5edfcf3c7f2fab101831389e,Dogma,Dogma,,,EAN 6867449005690,COMEDY,,https://i.ebayimg.com/00/s/NTA1WDM1NA==/z/IRgAAOSwP8lauwdy/$_12.PNG?set_id=880000500F,,
5ee10f3b7f2fa81788c3eb22,Donnie Darko,Donnie Darko,,,UPC 024543036401,THRILLER / ADVENTURE,,https://i5.walmartimages.com/asr/274efc0a-e510-45ee-932b-96a574e1b475_1.e472a8735138824c2b1714d73da28cfe.jpeg?odnHeight=450&odnWidth=450&odnBg=ffffff,,
5edfc85f7f2faa1018068906,Don't Be A Menace To,Don't Be A Menace To,,,EAN 5060223761800,COMEDY,,https://i.ebayimg.com/images/i/383576989578-0-1/s-l1600.jpg,,
5ee1048f7f2fa81788c3e9f6,Dr. No ,Dr. No ,1962,,EAN 5050070002294,THRILLER / ADVENTURE,,https://i.ebayimg.com/images/i/293453269083-0-1/s-l1600.jpg,,
5edfcb887f2fab1018313840,Dream On: Seasons 1 & 2,Dream On: Seasons 1 & 2,,,UPC 025192605826,COMEDY,,http://img.bbystatic.com/BestBuy_US/images/products/6767/6767983.jpg,,
5edfd1f97f2fab10183138e4,Duchess ,Duchess ,,,EAN 5060002836330,ROMANCE,,https://i.ebayimg.com/images/i/324189082428-0-1/s-l1600.jpg,,
5ee108267f2fa81788c3ea74,Dune,Dune,,,EAN 5038456250002,SCI-FI,,https://i.ebayimg.com/images/i/114203948608-0-1/s-l1600.jpg,,
5ee106727f2fa81788c3ea30,Dunkirk,Dunkirk,,BLURAY,EAN 5051892205504,DRAMA,,https://i.ebayimg.com/images/i/373070958232-0-1/s-l1600.jpg,,
5edfce687f2fab101831387d,Dylan Moran - The Live Collection,Dylan Moran - The Live Collection,2007,,EAN 5050582506136,COMEDY,,https://i.ebayimg.com/images/i/133147782865-0-1/s-l1600.jpg,,
5edfc7927f2faa10180688ee,Eat Pray Love,Eat Pray Love,,BLURAY,EAN 5050629922837,ROMANCE,,https://i.ebayimg.com/images/i/372992669517-0-1/s-l1600.jpg,,
5edfce557f2fab101831387b,Eddie Izzard: Glorious,Eddie Izzard: Glorious,,,5.05058E+12,COMEDY,[],https://stiletto.ddns.net/MagnoliumApiCore/api/discs/covers/5050582249071.png?v=1789494961,manual,
5ee108f97f2fa81788c3ea8e,Edge Of Tomorrow,Edge Of Tomorrow,,BLURAY,EAN 5051892163484,SCI-FI,,https://i.ebayimg.com/images/i/373075479674-0-1/s-l1600.jpg,,
5ee10adc7f2fa81788c3eabd,Elektra,Elektra,,,EAN 5039036021050,SCI-FI,,https://i.ebayimg.com/images/i/133428828503-0-1/s-l1600.jpg,,
5ee1081b7f2fa81788c3ea71,Elysium,Elysium,,BLURAY,EAN 5051124329695,SCI-FI,,http://img.bbystatic.com/BestBuy_US/images/products/nonsku/default_movies_l.jpg,,
6783f5a80aa2e81f18126761,Elysium,Elysium,,BLURAY,5.05112E+12,SCI-FI,,image_url,,
6783ed050aa2e81f18126732,Eternals,Eternals,,BLURAY,8.71742E+12,SCI-FI,,image_url,,
5edfcfed7f2fab10183138ac,Evita,Evita,,BLURAY,UPC 786936823530,MUSICAL,,https://i5.walmartimages.com/asr/a1709158-929e-43c7-a18d-e60edba2f3f9_1.c715faec716a537f600d93164856b966.jpeg?odnHeight=450&odnWidth=450&odnBg=ffffff,,
5ee106fc7f2fa81788c3ea48,Face/off,Face/off,,,UPC 097361549576,THRILLER / ADVENTURE,,https://i5.walmartimages.com/asr/93b6d5d5-6dd9-4b6b-b910-65f944aa0209_1.e88775fdd066d0c136b3ff5198a6ece7.jpeg?odnHeight=450&odnWidth=450&odnBg=ffffff,,
5edfcbd17f2fab1018313846,Family At War: Complete Set ,Family At War: Complete Set ,1970,,EAN 5036193090745,DRAMA,,https://i.ebayimg.com/images/i/132888285816-0-1/s-l1600.jpg,,
5edfc8817f2faa101806890b,Family Guy,Family Guy,,,EAN 5039036042178,ANIMATION / COMEDY,,https://i.ebayimg.com/images/i/373070958172-0-1/s-l1600.jpg,,
5edfcc6d7f2fab1018313854,Family Guy ,Family Guy ,,,EAN 5039036036603,ANIMATION / COMEDY,,https://i.ebayimg.com/images/i/373075357068-0-1/s-l1600.jpg,,
5ee105657f2fa81788c3ea1d,Family Guy - Happy Freakin' Christmas,Family Guy - Happy Freakin' Christmas,2006,,EAN 5039036023351,ANIMATION / COMEDY,,https://i.ebayimg.com/images/i/324123875211-0-1/s-l1600.jpg,,
5ee1055e7f2fa81788c3ea1c,Family Guy - Season 3 ,Family Guy - Season 3 ,1999,,EAN 5039036013253,ANIMATION / COMEDY,,https://i.ebayimg.com/images/i/382947701585-0-1/s-l1600.jpg,,
5ee105557f2fa81788c3ea1a,Family Guy - Season 4,Family Guy - Season 4,,,EAN 5039036026079,ANIMATION / COMEDY,,https://i.ebayimg.com/images/i/324184927161-0-1/s-l1600.jpg,,
5ee105597f2fa81788c3ea1b,Family Guy - Season 8,Family Guy - Season 8,,,EAN 5039036041126,ANIMATION / COMEDY,,https://i.ebayimg.com/images/i/383204406458-0-1/s-l1600.jpg,,
5ee1056e7f2fa81788c3ea1f,Family Guy Season 2,Family Guy Season 2,,,EAN 5039036011051,ANIMATION / COMEDY,,https://i.ebayimg.com/images/i/383570964295-0-1/s-l1600.jpg,,
5ee105517f2fa81788c3ea19,Family Guy Season Five,Family Guy Season Five,,,EAN 5039036028462,COMEDY,,https://i.ebayimg.com/images/i/383521512503-0-1/s-l1600.jpg,,
5ee105697f2fa81788c3ea1e,Family Guy Season One,Family Guy Season One,,,EAN 5039036007801,ANIMATION / COMEDY,,https://i.ebayimg.com/images/i/184234562523-0-1/s-l1600.jpg,,
5ee10ad67f2fa81788c3eaba,Fantastic 4 ,Fantastic 4 ,2005,,EAN 5039036023245,SCI-FI,,https://i.ebayimg.com/images/i/143079515742-0-1/s-l1600.jpg,,
5ee10ad87f2fa81788c3eabb,Fantastic 4 : Rise Of The Silver Surfer,Fantastic 4 : Rise Of The Silver Surfer,,,EAN 5039036035583,SCI-FI,,https://i.ebayimg.com/images/i/383282009088-0-1/s-l1600.jpg,,
5edfc81b7f2faa10180688fe,Fantastic Beasts And Where To Find Them,Fantastic Beasts And Where To Find Them,,BLURAY,5.05189E+12,SCI-FI,[],https://s4.thcdn.com/productimg/960/960/11380354-7014457346317766.jpg,upcitemdb,
5edfd0a17f2fab10183138b8,Far And Away ,Far And Away ,,,EAN 5050582041156,MUSICAL,,https://i.ebayimg.com/images/i/373075357950-0-1/s-l1600.jpg,,
5edfcbb37f2fab1018313844,Farscape ,Farscape ,,,EAN 5030305890001,SCI-FI,,https://i.ebayimg.com/images/i/303071359989-0-1/s-l1600.jpg,,
5edfcbed7f2fab1018313848,Farscape 3.1,Farscape 3.1,1999,,EAN 5030305810115,SCI-FI,,https://i.ebayimg.com/images/i/293006596113-0-1/s-l1600.jpg,,
5edfcbf37f2fab1018313849,Farscape 3.2,Farscape 3.2,1999,,EAN 5030305810122,SCI-FI,,https://i.ebayimg.com/images/i/303095722903-0-1/s-l1600.jpg,,
5edfcbf87f2fab101831384a,Farscape 3.3,Farscape 3.3,1999,,EAN 5030305810139,SCI-FI,,https://i.ebayimg.com/images/i/303135953174-0-1/s-l1600.jpg,,
5edfcc017f2fab101831384b,Farscape 3.4,Farscape 3.4,1999,,EAN 5030305810146,SCI-FI,,https://i.ebayimg.com/images/i/303135952629-0-1/s-l1600.jpg,,
5edfcc0a7f2fab101831384c,Farscape 3.5,Farscape 3.5,1999,,EAN 5030305810153,SCI-FI,,https://i.ebayimg.com/images/i/303135952914-0-1/s-l1600.jpg,,
5edfcc127f2fab101831384d,Farscape 4.1 ,Farscape 4.1 ,1999,,EAN 5030305810160,SCI-FI,,https://i.ebayimg.com/images/i/303095729055-0-1/s-l1600.jpg,,
5edfcc1f7f2fab101831384e,Farscape 4.2 ,Farscape 4.2 ,1999,,EAN 5030305810177,SCI-FI,,https://i.ebayimg.com/images/i/123689815952-0-1/s-l1600.jpg,,
5edfcc247f2fab101831384f,Farscape 4.3 ,Farscape 4.3 ,1999,,EAN 5030305810184,SCI-FI,,https://i.ebayimg.com/images/i/123659818989-0-1/s-l1600.jpg,,
5edfcc2a7f2fab1018313850,Farscape 4.4 ,Farscape 4.4 ,1999,,EAN 5030305810191,SCI-FI,,https://i.ebayimg.com/images/i/303071482204-0-1/s-l1600.jpg,,
5edfcbe57f2fab1018313847,Farscape: The Peacekeeper Wars,Farscape: The Peacekeeper Wars,,,EAN 5030305800390,SCI-FI,,https://i.ebayimg.com/images/i/123659682600-0-1/s-l1600.jpg,,
6783f6700aa2e81f1812676f,Fast & Furious 8,Fast & Furious 8,,,5.05308E+12,THRILLER / ADVENTURE,[],https://s4.thcdn.com/productimg/960/960/11437439-1114510993253208.jpg,upcitemdb,
5ee108b17f2fa81788c3ea8b,Fast And Furious 8 ,Fast And Furious 8 ,,,EAN 5053083115258,THRILLER / ADVENTURE,,https://i.ebayimg.com/images/i/133426512355-0-1/s-l1600.jpg,,
5ee108ac7f2fa81788c3ea89,Fast Furious 7,Fast Furious 7,,BLURAY,EAN 5053083106959,THRILLER / ADVENTURE,,https://i.ebayimg.com/images/i/383542064154-0-1/s-l1600.jpg,,
5edfcd327f2fab1018313863,Father Ted - Series 3,Father Ted - Series 3,1995,,EAN 5014138069230,COMEDY,,https://i.ebayimg.com/images/i/202725869786-0-1/s-l1600.jpg,,
5ee10c207f2fa81788c3eaef,Final Fantasy: The Spirits Within,Final Fantasy: The Spirits Within,,BLURAY,EAN 5050629197112,SCI-FI,,http://img.bbystatic.com/BestBuy_US/images/products/nonsku/default_movies_l.jpg,,
5ee106cf7f2fa81788c3ea3b,Finding Nemo,Finding Nemo,,,UPC 786936215595,ANIMATION / COMEDY,,https://i5.walmartimages.com/asr/29ef8385-79b8-48aa-9d11-c8f746345440_1.7b96919bfca504c6182f154815f9feec.jpeg?odnHeight=450&odnWidth=450&odnBg=ffffff,,
5edfcb8e7f2fab1018313841,"Firefly, The Complete Series","Firefly, The Complete Series",,,EAN 5039036016025,SCI-FI,,https://i.ebayimg.com/images/i/124153964958-0-1/s-l1600.jpg,,
5ee10db97f2fa81788c3eb09,Firefly: Complete Series,Firefly: Complete Series,,BLURAY,EAN 5039036048033,SCI-FI,,http://img.bbystatic.com/BestBuy_US/images/products/nonsku/default_movies_l.jpg,,
5edfcd777f2fab1018313870,Fool's Gold,Fool's Gold,,,EAN 7321902139999,THRILLER / ADVENTURE,,https://i.ebayimg.com/images/i/383576989188-0-1/s-l1600.jpg,,
5ee104a97f2fa81788c3ea01,For Your Eyes Only,For Your Eyes Only,,,EAN 5050070002331,THRILLER / ADVENTURE,,https://i.ebayimg.com/images/i/133389220919-0-1/s-l1600.jpg,,
5edfd1887f2fab10183138ce,Forrest Gump,Forrest Gump,,,EAN 5014437812438,DRAMA,,https://i.ebayimg.com/images/i/114230265366-0-1/s-l1600.jpg,,
5ee105307f2fa81788c3ea16,Friends: Series 7 - Ep 17-20,Friends: Series 7 - Ep 17-20,,,EAN 7321900212137,COMEDY,,http://i.ebayimg.com/00/s/NTAwWDUwMA==/z/O6wAAOSwa~BYUkul/$_1.JPG?set_id=8800005007,,
5ee105187f2fa81788c3ea0e,Friends: Series 7 - Episodes 13-16,Friends: Series 7 - Episodes 13-16,1995,,EAN 7321900213455,COMEDY,,https://i.ebayimg.com/images/i/293589687278-0-1/s-l1600.jpg,,
5ee105287f2fa81788c3ea13,Friends: Series 7 - Episodes 21-23 ,Friends: Series 7 - Episodes 21-23 ,,,EAN 7321900212144,COMEDY,,https://i.ebayimg.com/images/i/183589457967-0-1/s-l1600.jpg,,
5ee1052c7f2fa81788c3ea15,Friends: Series 7 - Episodes 9-12,Friends: Series 7 - Episodes 9-12,,,EAN 7321900213448,COMEDY,,https://i.ebayimg.com/images/i/362450943696-0-1/s-l1600.jpg,,
5ee1052a7f2fa81788c3ea14,Friends: Series 8 - Ep 17-20,Friends: Series 8 - Ep 17-20,,,EAN 7321900225106,COMEDY,,https://i.ebayimg.com/images/i/383331247078-0-1/s-l1600.jpg,,
5ee1051c7f2fa81788c3ea0f,Friends: Series 8 - Episodes 13-16 ,Friends: Series 8 - Episodes 13-16 ,,,EAN 7321900225090,COMEDY,,https://i.ebayimg.com/images/i/293296533661-0-1/s-l1600.jpg,,
5ee105207f2fa81788c3ea10,Friends: Series 8 - Episodes 1-4 ,Friends: Series 8 - Episodes 1-4 ,,,EAN 7321900225069,COMEDY,,https://i.ebayimg.com/images/i/383331247499-0-1/s-l1600.jpg,,
5ee105247f2fa81788c3ea12,Friends: Series 8 - Episodes 21-23,Friends: Series 8 - Episodes 21-23,,,EAN 7321900225113,COMEDY,,https://i.ebayimg.com/images/i/383331247162-0-1/s-l1600.jpg,,
5ee105227f2fa81788c3ea11,Friends: Series 8 - Episodes 5-8,Friends: Series 8 - Episodes 5-8,,,EAN 7321900225076,COMEDY,,https://i.ebayimg.com/images/i/303291312053-0-1/s-l1600.jpg,,
5ee104917f2fa81788c3e9f7,From Russia With Love,From Russia With Love,,,EAN 5050070002386,THRILLER / ADVENTURE,,https://i.ebayimg.com/images/i/383576989657-0-1/s-l1600.jpg,,
5edfd0657f2fab10183138b0,Funny Girl ,Funny Girl ,,,EAN 5035822028319,ROMANCE,,https://i.ebayimg.com/images/i/164233404511-0-1/s-l1600.jpg,,
5ee105467f2fa81788c3ea17,Futurama: Season 3,Futurama: Season 3,,,EAN 5039036013062,COMEDY,,https://i.ebayimg.com/images/i/373070957147-0-1/s-l1600.jpg,,
5ee1054c7f2fa81788c3ea18,Futurama: Season 4,Futurama: Season 4,,,EAN 5039036013116,COMEDY,,https://i.ebayimg.com/images/i/132907277408-0-1/s-l1600.jpg,,
5edfcef17f2fab1018313890,Galaxy Quest,Galaxy Quest,2001,,UPC 678149091397,SCI-FI,,https://i.ebayimg.com/images/i/233611690659-0-1/s-l1600.jpg,,
67845170e4085b038c32ce1f,Galaxy Quest,Galaxy Quest,,,6.78149E+11,SCI-FI,,image_url,,
5ee106e77f2fa81788c3ea42,Garfield - The Movie,Garfield - The Movie,,,EAN 5039036018746,COMEDY,,https://i.ebayimg.com/images/i/383576989408-0-1/s-l1600.jpg,,
5ee10ec37f2fa81788c3eb1b,Geostorm,Geostorm,,BLURAY,EAN 5051892211215,SCI-FI,,https://i.ebayimg.com/images/i/324184927403-0-1/s-l1600.jpg,,
5edfd05b7f2fab10183138ad,Ghost ,Ghost,,,EAN 5014437811639,ROMANCE,,https://i.ebayimg.com/images/i/273644172416-0-1/s-l1600.jpg,,
5ee10ade7f2fa81788c3eabe,Ghost Rider,Ghost Rider,,,EAN 5035822351998,SCI-FI,,https://i.ebayimg.com/images/i/373075357727-0-1/s-l1600.jpg,,
5edfcd217f2fab1018313861,Ghost Town,Ghost Town,,,EAN 5051188156732,COMEDY,,https://i.ebayimg.com/images/i/383576989082-0-1/s-l1600.jpg,,
5edfd0997f2fab10183138b6,Ghosts Of Girlfriend,Ghosts Of Girlfriend,,,EAN 5017239195990,ROMANCE,,https://i.ebayimg.com/images/i/373075358108-0-1/s-l1600.jpg,,
5ee106087f2fa81788c3ea23,Gladiator ,Gladiator ,,,EAN 5035822009844,THRILLER / ADVENTURE,,https://i.ebayimg.com/images/i/153889361381-0-1/s-l1600.jpg,,
5ee10faf7f2fa81788c3eb2d,Go,Go,,,EAN 5050582287615,THRILLER / ADVENTURE,,https://i.ebayimg.com/images/i/113925060814-0-1/s-l1600.jpg,,
5f11c8537f2fa822508b8358,Godfather Trilogy ,Godfather Trilogy ,,BLURAY,EAN 5053083194086,THRILLER / ADVENTURE,,https://i.ebayimg.com/images/i/164252270516-0-1/s-l1600.jpg,,
5ee108ff7f2fa81788c3ea90,Godzilla,Godzilla,,BLURAY,EAN 5051892163750,SCI-FI,,https://i.ebayimg.com/images/i/373061053777-0-1/s-l1600.jpg,,
5ee1105f7f2fa81788c3eb46,Godzilla - King Of The Monsters,Godzilla - King Of The Monsters,,BLURAY,EAN 5051892219907,SCI-FI,,https://i.ebayimg.com/images/i/373049163705-0-1/s-l1600.jpg,,
6783f2af0aa2e81f1812674a,Godzilla vs. Kong,Godzilla vs. Kong,,,5.05189E+12,SCI-FI,,image_url,,
5ee10f807f2fa81788c3eb28,"Godzilla, movies","Godzilla, movies",,,UPC 043396231290,SCI-FI,,https://target.scene7.com/is/image/Target/GUEST_9cc2285e-b6db-4ed0-a293-f6049d3b3d4f?wid=1000&hei=1000,,
6783f2ac0aa2e81f18126749,Godzilla: King of the Monsters,Godzilla: King of the Monsters,,,5.05189E+12,SCI-FI,,image_url,,
5ee104b67f2fa81788c3ea05,Goldeneye,Goldeneye,1995,,EAN 5050070005240,THRILLER / ADVENTURE,,https://i.ebayimg.com/images/i/114230182895-0-1/s-l1600.jpg,,
5ee104937f2fa81788c3e9f8,Goldfinger,Goldfinger,,,EAN 5050070002232,THRILLER / ADVENTURE,,https://i.ebayimg.com/images/i/133428828920-0-1/s-l1600.jpg,,
5edfd1cf7f2fab10183138dc,Gone With The Wind,Gone With The Wind,,,EAN 7321900650090,ROMANCE,,https://i.ebayimg.com/images/i/373071003037-0-1/s-l1600.jpg,,
5ee1067d7f2fa81788c3ea33,Goonies,Goonies,,BLURAY,EAN 7321900115278,ADVENTURE / FANTASY,,https://i.ebayimg.com/images/i/373071003336-0-1/s-l1600.jpg,,
5edfcf417f2fab101831389f,Great Gatsby,Great Gatsby,,BLURAY,EAN 5051892140317,DRAMA,,http://img.bbystatic.com/BestBuy_US/images/products/nonsku/default_movies_l.jpg,,
5edfc7787f2faa10180688ea,Greatest Showman,Greatest Showman,,BLURAY,5.03904E+12,MUSICAL,[],https://stiletto.ddns.net/MagnoliumApiCore/api/discs/covers/5039036082853.png?v=1789496399,manual,
6783f32f0aa2e81f1812674c,Greatest Showman,Greatest Showman,,BLURAY,5.03904E+12,MUSICAL,,image_url,,
5edfcedf7f2fab101831388f,Groundhog Day ,Groundhog Day ,,,EAN 5035822459434,COMEDY,,https://i.ebayimg.com/images/i/303135877417-0-1/s-l1600.jpg,,
5edfd1987f2fab10183138d3,Grumpy Old Women,Grumpy Old Women,2008,,EAN 5050582453317,COMEDY,,https://i.ebayimg.com/images/i/303555675527-0-1/s-l1600.jpg,,
5edfd1ad7f2fab10183138d5,Grumpy Old Women - Series 1,Grumpy Old Women - Series 1,,,EAN 5014503222321,COMEDY,,http://i.ebayimg.com/00/s/MTYwMFgxMjAw/z/FgYAAOSwh2xX~Epc/$_1.JPG?set_id=880000500F,,
5ee10b427f2fa81788c3ead7,Guardians Of The Galaxy ,Guardians Of The Galaxy ,,BLURAY,EAN 8717418440114,SCI-FI,,https://i.ebayimg.com/images/i/224038923031-0-1/s-l1600.jpg,,
5ee10b447f2fa81788c3ead8,Guardians Of The Galaxy ,Guardians Of The Galaxy ,,BLURAY,EAN 8717418508388,SCI-FI,,https://i.ebayimg.com/images/i/383542067069-0-1/s-l1600.jpg,,
5ee1085c7f2fa81788c3ea7f,Hancock ,Hancock ,,,EAN 5035822715233,SCI-FI,,https://i.ebayimg.com/images/i/324189084112-0-1/s-l1600.jpg,,
5ee1064b7f2fa81788c3ea2e,Hannibal ,Hannibal ,,,EAN 5035822012141,HORROR,,https://i.ebayimg.com/images/i/324189082358-0-1/s-l1600.jpg,,
5edfcda17f2fab1018313873,Hansel & Gretel: Witch Hunters,Hansel & Gretel: Witch Hunters,,BLURAY,EAN 5051368248530,FANTASY / ADVENTURE,,http://img.bbystatic.com/BestBuy_US/images/products/nonsku/default_movies_l.jpg,,
5edfc8397f2faa1018068901,Happy Feet 2,Happy Feet 2,,,5.05189E+12,ANIMATION / COMEDY,[],https://stiletto.ddns.net/MagnoliumApiCore/api/discs/covers/5051892074339.png?v=1789497147,manual,
5ee109257f2fa81788c3ea98,Harry Potter And The Order Of The Pheonix,Harry Potter And The Order Of The Pheonix,,,EAN 7321902174921,FANTASY / ADVENTURE,,https://i.ebayimg.com/images/i/383576989959-0-1/s-l1600.jpg,,
6783ecb90aa2e81f1812672d,Harry potter and the order of the pheonix,Harry potter and the order of the pheonix,,,7.3219E+12,FANTASY / ADVENTURE,,image_url,,
6783d8277eb1792d8471a212,Harry potter and the philosophers Stone,Harry potter and the philosophers Stone,,,7.3219E+12,FANTASY / ADVENTURE,,image_url,,
5ee109277f2fa81788c3ea99,Harry Potter And The Philosopher's Stone ,Harry Potter And The Philosopher's Stone ,,,EAN 7321900226592,FANTASY / ADVENTURE,,https://i.ebayimg.com/images/i/202722121582-0-1/s-l1600.jpg,,
5edfccd47f2fab101831385c,Hedwig And The Angry Inch,Hedwig And The Angry Inch,2002,,EAN 5017239191473,MUSICAL,,https://i.ebayimg.com/images/i/392474079663-0-1/s-l1600.jpg,,
5ee109ae7f2fa81788c3eaa7,Hellboy,Hellboy,,,EAN 5035822485631,SCI-FI,,https://i.ebayimg.com/images/i/283901933969-0-1/s-l1600.jpg,,
5ee109877f2fa81788c3eaa1,Hellboy 1 And 2,Hellboy 1 And 2,,,EAN 5050582556162,SCI-FI,,https://i.ebayimg.com/images/i/264747982597-0-1/s-l1600.jpg,,
5ee10fc37f2fa81788c3eb31,Highlander,Highlander,,,EAN 7321900383523,SCI-FI,,https://i.ebayimg.com/images/i/324189083643-0-1/s-l1600.jpg,,
5edfcefb7f2fab1018313892,Hitchhikers Guide To The Galaxy,Hitchhikers Guide To The Galaxy,,,EAN 8717418047450,SCI-FI,,https://i.ebayimg.com/images/i/133415681900-0-1/s-l1600.jpg,,
5ee108af7f2fa81788c3ea8a,Hobbs & Shaw,Hobbs & Shaw,,BLURAY,EAN 5053083193652,THRILLER / ADVENTURE,,https://i.ebayimg.com/images/i/133433042200-0-1/s-l1600.jpg,,
5edfce977f2fab1018313886,Home Alone,Home Alone,,BLURAY,EAN 5039036045063,COMEDY,,https://i.ebayimg.com/images/i/363009783754-0-1/s-l1600.jpg,,
5edfcfe77f2fab10183138aa,Homeward Bound 2: Lost In San Francisco,Homeward Bound 2: Lost In San Francisco,,,EAN 7321901345162,ADVENTURE / FANTASY,,https://i.ebayimg.com/00/s/NDc1WDMzOQ==/z/r2IAAOSwbkVaGsQh/$_1.JPG?set_id=8800005007,,
5ee107057f2fa81788c3ea4a,Hostage ,Hostage ,,,EAN 5017239193156,THRILLER / ADVENTURE,,https://i.ebayimg.com/images/i/373075356568-0-1/s-l1600.jpg,,
5edfcf0a7f2fab1018313895,Hot Fuzz ,Hot Fuzz ,,,EAN 5050582487190,COMEDY,,https://i.ebayimg.com/images/i/184234549109-0-1/s-l1600.jpg,,
5ee110587f2fa81788c3eb43,Hotel Artemis,Hotel Artemis,,BLURAY,EAN 5051892215954,HORROR,,https://i.ebayimg.com/images/i/373075479578-0-1/s-l1600.jpg,,
5ee10ad37f2fa81788c3eab9,Hulk,Hulk,2003,,EAN 5050582107579,SCI-FI,,https://i.ebayimg.com/images/i/223867720923-0-1/s-l1600.jpg,,
6783ee7b0aa2e81f18126739,Hunger Games Catching Fire,Hunger Games Catching Fire,,,5.05576E+12,SCI-FI,,image_url,,
5ee1080a7f2fa81788c3ea6a,I Am Legend,I Am Legend,,BLURAY,EAN 7321900176354,SCI-FI,,http://img.bbystatic.com/BestBuy_US/images/products/nonsku/default_movies_l.jpg,,
6783f60e0aa2e81f18126768,I Am Legend,I Am Legend,,BLURAY,7.3219E+12,SCI-FI,,image_url,,
6783f6b90aa2e81f18126771,I Robot,I Robot,,,5.03904E+12,SCI-FI,[],https://stiletto.ddns.net/MagnoliumApiCore/api/discs/covers/5039036036870.png?v=1789496844,manual,
5ee10ec57f2fa81788c3eb1c,"I, Robot","I, Robot",,BLURAY,EAN 5039036036870,SCI-FI,,http://img.bbystatic.com/BestBuy_US/images/products/nonsku/default_movies_l.jpg,,
5ee10d987f2fa81788c3eafb,In Time,In Time,2012,BLURAY,EAN 5039036050067,SCI-FI,,https://i.ebayimg.com/images/i/303203738478-0-1/s-l1600.jpg,,
5ee10aa87f2fa81788c3eab6,Incredibles 2,Incredibles 2,,BLURAY,EAN 8717418535896,ANIMATION / COMEDY,,https://i.ebayimg.com/images/i/133374745755-0-1/s-l1600.jpg,,
5ee10ec77f2fa81788c3eb1d,Independence Day,Independence Day,,BLURAY,EAN 5039036036337,SCI-FI,,http://img.bbystatic.com/BestBuy_US/images/products/nonsku/default_movies_l.jpg,,
5ee107d77f2fa81788c3ea63,Independence Day Resurgence,Independence Day Resurgence,,,EAN 5039036077576,SCI-FI,,https://i.ebayimg.com/images/i/114244662898-0-1/s-l1600.jpg,,
5ee109847f2fa81788c3eaa0,Indiana Jones And The Crystal Skull,Indiana Jones And The Crystal Skull,,,EAN 5014437943132,THRILLER / ADVENTURE,,https://i.ebayimg.com/images/i/362998267092-0-1/s-l1600.jpg,,
6783f35b0aa2e81f1812674e,Indiana Jones Quadrilogy,Indiana Jones Quadrilogy,,,5.05137E+12,THRILLER / ADVENTURE,,image_url,,
5ee109827f2fa81788c3ea9f,Indiana Jones: Complete Adventures,Indiana Jones: Complete Adventures,,BLURAY,EAN 5051368203638,THRILLER / ADVENTURE,,http://img.bbystatic.com/BestBuy_US/images/products/nonsku/default_movies_l.jpg,,
5ee10b7b7f2fa81788c3eae9,Interstellar,Interstellar,,BLURAY,EAN 5051892182911,SCI-FI,,https://i.ebayimg.com/images/i/383581143466-0-1/s-l1600.jpg,,
5ee10dbf7f2fa81788c3eb0b,Interview With The Vampire,Interview With The Vampire,,,EAN 7321900183130,HORROR,,https://i.ebayimg.com/images/i/324191912838-0-1/s-l1600.jpg,,
5ee10b107f2fa81788c3eacb,Iron Man,Iron Man,,BLURAY,EAN 8717418413842,SCI-FI,,http://img.bbystatic.com/BestBuy_US/images/products/nonsku/default_movies_l.jpg,,
5ee10fd87f2fa81788c3eb34,Iron Man ,Iron Man ,,,EAN 5014437943033,SCI-FI,,https://i.ebayimg.com/images/i/223974122390-0-1/s-l1600.jpg,,
5ee10b137f2fa81788c3eacc,Iron Man 2,Iron Man 2,,BLURAY,EAN 5051368219639,SCI-FI,,https://i.ebayimg.com/images/i/293064166924-0-1/s-l1600.jpg,,
67845194e4085b038c32ce23,IT,IT,,,5.05189E+12,HORROR,,image_url,,
5ee1104c7f2fa81788c3eb40,It Chapter One,It Chapter One,,BLURAY,EAN 5051892211451,HORROR,,https://i.ebayimg.com/images/i/383571028275-0-1/s-l1600.jpg,,
5ee110517f2fa81788c3eb41,It Chapter Two,It Chapter Two,,,EAN 5051892225335,HORROR,,https://i.ebayimg.com/images/i/324184957000-0-1/s-l1600.jpg,,
6449b0097f2fa82c80e63651,It Chapter Two,It Chapter Two,,,EAN 5051892225335,HORROR,,https://upcitemdb.s3.amazonaws.com/3827-530079892.webp,,
67845198e4085b038c32ce24,IT Chapter Two,IT Chapter Two,,,5.05189E+12,HORROR,,image_url,,
5edfc7dc7f2faa10180688f5,Jason Bourne,Jason Bourne,,BLURAY,EAN 5053083083991,THRILLER / ADVENTURE,,https://i.ebayimg.com/images/i/324184948102-0-1/s-l1600.jpg,,
5edfceb67f2fab101831388b,Jay And Silent Bob Strike Back,Jay And Silent Bob Strike Back,,,EAN 5017188884716,COMEDY,,https://i.ebayimg.com/images/i/362977122348-0-1/s-l1600.jpg,,
5edfcf277f2fab101831389a,John Carpenter's Vampires,John Carpenter's Vampires,,,UPC 043396030640,HORROR,,https://i5.walmartimages.com/asr/93f467c7-a5aa-40cc-ab23-da5d88459890_1.210c657763f5258c2f89bc5c6ad9e96b.jpeg?odnHeight=450&odnWidth=450&odnBg=ffffff,,
6783f4bb0aa2e81f1812675c,John Wick,John Wick,,BLURAY,5.05189E+12,THRILLER / ADVENTURE,,image_url,,
6783f4c00aa2e81f1812675d,John Wick Chapter 4,John Wick Chapter 4,,,5.05576E+12,THRILLER / ADVENTURE,,image_url,,
5edfc5d77f2faa10180688e4,John Wick: Chapter 3 - Parabellum,John Wick: Chapter 3 - Parabellum,,,5.05576E+12,THRILLER / ADVENTURE,[],https://stiletto.ddns.net/MagnoliumApiCore/api/discs/covers/5055761913927.png?v=1789495119,manual,
6783f0af0aa2e81f1812673f,Joker,Joker,,,5.05189E+12,THRILLER / ADVENTURE,,image_url,,
5edfc7f77f2faa10180688f8,Joker,Joker,,,5.05189E+12,THRILLER / ADVENTURE,[],https://stiletto.ddns.net/MagnoliumApiCore/api/discs/covers/5051892225564.png?v=1789493426,manual,
5edfcd4e7f2fab1018313868,Joseph And The Amazing Technicolour Dreamcoat ,Joseph And The Amazing Technicolour Dreamcoat ,1999,,UPC 044005370324,MUSICAL,,https://i.ebayimg.com/images/i/363015635625-0-1/s-l1600.jpg,,
5ee1105d7f2fa81788c3eb45,Jumanji: Welcome To The Jungle,Jumanji: Welcome To The Jungle,,BLURAY,EAN 5050629306781,COMEDY,,https://i.ebayimg.com/images/i/133426513140-0-1/s-l1600.jpg,,
6783f0770aa2e81f1812673b,Jungle Cruise,Jungle Cruise,,BLURAY,8.71742E+12,COMEDY,,image_url,,
5ee108a17f2fa81788c3ea87,Jurassic Park 4,Jurassic Park 4,,BLURAY,EAN 5053083044992,SCI-FI,,https://i.ebayimg.com/images/i/373070957629-0-1/s-l1600.jpg,,
5ee109927f2fa81788c3eaa4,Jurassic Park Trilogy,Jurassic Park Trilogy,,BLURAY,EAN 5050582962208,SCI-FI,,http://img.bbystatic.com/BestBuy_US/images/products/nonsku/default_movies_l.jpg,,
6783f3790aa2e81f18126750,Jurassic Park Ultimate..,Jurassic Park Ultimate..,,,5.05058E+12,SCI-FI,,image_url,,
6783f3750aa2e81f1812674f,Jurassic World,Jurassic World,,,5.05308E+12,SCI-FI,,image_url,,
5ee108997f2fa81788c3ea86,Jurassic World Fallen Kingdom,Jurassic World Fallen Kingdom,,BLURAY,EAN 5053083156534,SCI-FI,,https://i.ebayimg.com/images/i/133427889905-0-1/s-l1600.jpg,,
5ee106117f2fa81788c3ea25,Kill Bill Vol.1,Kill Bill Vol.1,2004,,EAN 5017188812733,THRILLER / ADVENTURE,,https://i.ebayimg.com/images/i/153943107255-0-1/s-l1600.jpg,,
5ee106137f2fa81788c3ea26,Kill Bill Vol.2 ,Kill Bill Vol.2 ,,,EAN 5017188812740,THRILLER / ADVENTURE,,https://i.ebayimg.com/images/i/324191957350-0-1/s-l1600.jpg,,
5ee10b6e7f2fa81788c3eae3,King Kong,King Kong,,BLURAY,EAN 5050582597295,SCI-FI,,https://i.ebayimg.com/00/s/MzA0WDIzNQ==/z/wwoAAOSwXnxanq5-/$_0.JPG?set_id=8800005007,,
6783f27d0aa2e81f18126748,King Kong,King Kong,2005,,5.05058E+12,SCI-FI,,image_url,,
5ee10c2b7f2fa81788c3eaf3,Kingsman - The Secret Service,Kingsman - The Secret Service,,BLURAY,EAN 5039036072847,THRILLER / ADVENTURE,,https://i.ebayimg.com/images/i/114252978845-0-1/s-l1600.jpg,,
5ee10c187f2fa81788c3eaec,Knight And Day,Knight And Day,,BLURAY,EAN 5039036045469,THRILLER / ADVENTURE,,https://i.ebayimg.com/images/i/363005779218-0-1/s-l1600.jpg,,
5ee10db47f2fa81788c3eb07,Knowing ,Knowing ,,BLURAY,EAN 5030305512354,SCI-FI,,https://i.ebayimg.com/images/i/143614869858-0-1/s-l1600.jpg,,
5ee10b717f2fa81788c3eae4,Kong - Skull Island,Kong - Skull Island,,BLURAY,EAN 5051892205610,SCI-FI,,https://i.ebayimg.com/images/i/373070958246-0-1/s-l1600.jpg,,
5edfc78a7f2faa10180688ec,Lady In The Van,Lady In The Van,,,5.05063E+12,COMEDY,[],https://stiletto.ddns.net/MagnoliumApiCore/api/discs/covers/5050629995138.png?v=1789497046,manual,
5edfcd667f2fab101831386c,League Of Gentlemen,League Of Gentlemen,,,EAN 5014503100728,SCI-FI,,https://i.ebayimg.com/images/i/324189083068-0-1/s-l1600.jpg,,
5ee107a67f2fa81788c3ea62,Legend Of Tarzan,Legend Of Tarzan,,BLURAY,EAN 5051892196307,THRILLER / ADVENTURE,,https://i.ebayimg.com/images/i/383557416720-0-1/s-l1600.jpg,,
5edfcec17f2fab101831388d,Lemon Drop Kid,Lemon Drop Kid,,,UPC 090096097992,COMEDY,,https://i5.walmartimages.com/asr/5eb783e8-ac87-41af-8293-4273becefa14_1.a8295d60c524b8aa186c693ca5f15107.jpeg?odnHeight=450&odnWidth=450&odnBg=ffffff,,
5edfcfe27f2fab10183138a9,Les Miserables ,Les Miserables ,,BLURAY,EAN 5050582946956,MUSICAL,,https://i.ebayimg.com/00/s/MTYwMFgxMjAw/z/jPcAAOSwl9RaMTJr/$_57.JPG?set_id=8800005007,,
67845186e4085b038c32ce21,Let The Right One In,Let The Right One In,,BLURAY,5.06012E+12,HORROR,,image_url,,
5ee110797f2fa81788c3eb4e,Let The Right One In ,Let The Right One In ,2009,BLURAY,EAN 5060116724752,HORROR,,https://i.ebayimg.com/images/i/283905984037-0-1/s-l1600.jpg,,
5ee104b27f2fa81788c3ea04,Licence To Kill,Licence To Kill,,,EAN 5050070005318,THRILLER / ADVENTURE,,https://i.ebayimg.com/images/i/383077111856-0-1/s-l1600.jpg,,
5ee103497f2fa81788c3e9ee,Lick Library Learn,Lick Library Learn,,,EAN 5060088820032,ADVENTURE / FANTASY,,https://i.ebayimg.com/images/i/383552893636-0-1/s-l1600.jpg,,
5ee110657f2fa81788c3eb49,Life,Life,,BLURAY,EAN 5050629802634,SCI-FI,,https://i.ebayimg.com/images/i/373070957272-0-1/s-l1600.jpg,,
6783ed270aa2e81f18126734,Life,Life,2017,,5.05063E+12,SCI-FI,,image_url,,
6783f3340aa2e81f1812674d,Life of Pi,Life of Pi,,,5.03904E+12,DRAMA,,image_url,,
5ee10f467f2fa81788c3eb27,Life Of Pi,Life Of Pi,,BLURAY,EAN 5039036059725,ADVENTURE / FANTASY,,http://img.bbystatic.com/BestBuy_US/images/products/nonsku/default_movies_l.jpg,,
5ee109537f2fa81788c3ea9b,Like Transformers Revenge Of The Fallen,Like Transformers Revenge Of The Fallen,,BLURAY,EAN 5051368212234,SCI-FI,,https://i.ebayimg.com/images/i/392800742547-0-1/s-l1600.jpg,,
5edfcd397f2fab1018313865,Little Britain The Complete First Series Bbcdvd 1494,Little Britain The Complete First Series Bbcdvd 1494,2004,,EAN 5014503149420,COMEDY,,https://i.ebayimg.com/images/i/273826144667-0-1/s-l1600.jpg,,
5edfcd367f2fab1018313864,Little Britain The Complete Second Series,Little Britain The Complete Second Series,2005,,EAN 5014503167523,COMEDY,,https://i.ebayimg.com/images/i/273632229868-0-1/s-l1600.jpg,,
5ee104a07f2fa81788c3e9fd,Live And Let Die,Live And Let Die,,,EAN 5050070002270,THRILLER / ADVENTURE,,https://i.ebayimg.com/images/i/133407969185-0-1/s-l1600.jpg,,
5ee10ec97f2fa81788c3eb1e,Live Free Or Die Hard,Live Free Or Die Hard,,BLURAY,EAN 5039036036283,THRILLER / ADVENTURE,,http://img.bbystatic.com/BestBuy_US/images/products/nonsku/default_movies_l.jpg,,
5ee108127f2fa81788c3ea6e,Lockout,Lockout,,BLURAY,EAN 5017239151996,THRILLER / ADVENTURE,,https://i.ebayimg.com/images/i/373070957642-0-1/s-l1600.jpg,,
5ee10b347f2fa81788c3ead0,Logan,Logan,,BLURAY,EAN 5039036080514,SCI-FI,,https://i.ebayimg.com/images/i/373068370876-0-1/s-l1600.jpg,,
6783f5ce0aa2e81f18126764,Disney Lone Ranger,Lone Ranger,,,8.71742E+12,THRILLER / ADVENTURE,,image_url,,
5ee108107f2fa81788c3ea6d,Lone Ranger,Lone Ranger,,BLURAY,EAN 8717418413323,THRILLER / ADVENTURE,,http://img.bbystatic.com/BestBuy_US/images/products/nonsku/default_movies_l.jpg,,
5ee107887f2fa81788c3ea58,Long Kiss Goodnight,Long Kiss Goodnight,,,EAN 5017239190063,THRILLER / ADVENTURE,,https://i.ebayimg.com/images/i/132871688796-0-1/s-l1600.jpg,,
5ee110617f2fa81788c3eb47,Looper,Looper,,,EAN 5030305516130,SCI-FI,,https://i5.walmartimages.com/asr/837c318e-ee8d-4160-b048-191c4b2e287c_1.297a423cad0d7a46d5b2fca394540d12.jpeg?odnHeight=450&odnWidth=450&odnBg=ffffff,,
5ee10c337f2fa81788c3eaf7,Lost In Space,Lost In Space,,,EAN 5051892011945,SCI-FI,,http://thehut.pantherssl.com/productimg/0/130/130/47/10167147-1282318681-294000.jpg,,
5edfd1317f2fab10183138c8,Love Actually,Love Actually,,,EAN 5050582303049,ROMANCE,,https://i.ebayimg.com/images/i/383378546262-0-1/s-l1600.jpg,,
5edfd1a97f2fab10183138d4,Love Story ,Love Story ,,,EAN 5014437814937,ROMANCE,,https://i.ebayimg.com/images/i/324189082408-0-1/s-l1600.jpg,,
5ee108207f2fa81788c3ea72,Lucy,Lucy,,BLURAY,EAN 5053083016159,SCI-FI,,https://i.ebayimg.com/images/i/133416533863-0-1/s-l1600.jpg,,
6783f5bd0aa2e81f18126763,Lucy,Lucy,,,5.05308E+12,SCI-FI,,image_url,,
5edfcd5f7f2fab101831386b,Magic Mike,Magic Mike,,,EAN 5060223768335,ROMANCE,,https://i.ebayimg.com/images/i/324189084023-0-1/s-l1600.jpg,,
5edfcf937f2fab10183138a7,Mallrats,Mallrats,,BLURAY,EAN 5050582893175,COMEDY,,https://i5.walmartimages.com/asr/3f281a9b-3d46-4eb7-b6c9-c445bd467173_1.8b7d88c6b398b590c5741fa0ffeffc10.jpeg?odnHeight=450&odnWidth=450&odnBg=ffffff,,
5edfcf967f2fab10183138a8,Mallrats,Mallrats,,BLURAY,EAN 5050582893175,COMEDY,,https://i5.walmartimages.com/asr/3f281a9b-3d46-4eb7-b6c9-c445bd467173_1.8b7d88c6b398b590c5741fa0ffeffc10.jpeg?odnHeight=450&odnWidth=450&odnBg=ffffff,,
5edfcd1b7f2fab1018313860,Mamma Mia 2 ,Mamma Mia 2 ,,,EAN 5053083172046,MUSICAL,,https://i.ebayimg.com/images/i/362993422440-0-1/s-l1600.jpg,,
5edfcce97f2fab101831385f,Mamma Mia The Movie,Mamma Mia The Movie,,,EAN 5050582591521,MUSICAL,,https://i.ebayimg.com/images/i/143069192378-0-1/s-l1600.jpg,,
5ee10c287f2fa81788c3eaf2,Man From U.N.C.L.E,Man From U.N.C.L.E,,BLURAY,EAN 5051892189224,THRILLER / ADVENTURE,,https://i.ebayimg.com/images/i/133433270368-0-1/s-l1600.jpg,,
5ee10b5e7f2fa81788c3eae1,Man Of Steel,Man Of Steel,,BLURAY,EAN 5051892140324,SCI-FI,,http://img.bbystatic.com/BestBuy_US/images/products/nonsku/default_movies_l.jpg,,
6783f2520aa2e81f18126747,Man Of Steel,Man Of Steel,,BLURAY,5.05189E+12,SCI-FI,,image_url,,
5edfd1857f2fab10183138cd,Marley And Me,Marley And Me,,,EAN 5039036041379,COMEDY,,https://i.ebayimg.com/images/i/324189082524-0-1/s-l1600.jpg,,
5ee10aa37f2fa81788c3eab5,Marvel's Doctor Strange,Marvel's Doctor Strange,2016,BLURAY,EAN 8717418498085,SCI-FI,,https://i.ebayimg.com/images/i/363006999305-0-1/s-l1600.jpg,,
5ee1060d7f2fa81788c3ea24,Master And Commander,Master And Commander,,,EAN 5039036015820,THRILLER / ADVENTURE,,https://i.ebayimg.com/images/i/324189082147-0-1/s-l1600.jpg,,
5ee107907f2fa81788c3ea5a,Maze Runner Chapter,Maze Runner Chapter,,BLURAY,EAN 5039036075442,SCI-FI,,https://i.ebayimg.com/images/i/324184948855-0-1/s-l1600.jpg,,
6783f62e0aa2e81f18126769,Maze Runner: The Scorch Trials,Maze Runner: The Scorch Trials,,,5.03904E+12,SCI-FI,,image_url,,
6783f5090aa2e81f18126760,Mechanic 2: Resurrection,Mechanic 2: Resurrection,,,5.05576E+12,THRILLER / ADVENTURE,,image_url,,
5edfc8117f2faa10180688fc,Mechanic: Resurrection,Mechanic: Resurrection,,,5.05576E+12,THRILLER / ADVENTURE,[],https://stiletto.ddns.net/MagnoliumApiCore/api/discs/covers/5055761908596.png?v=1789497277,manual,
5ee10eaf7f2fa81788c3eb14,Meet Joe Black,Meet Joe Black,,,EAN 5035822001442,DRAMA,,https://i.ebayimg.com/images/i/133421319900-0-1/s-l1600.jpg,,
5edfcf017f2fab1018313893,Men In Black,Men In Black,2002,,EAN 5035822271838,SCI-FI,,https://i.ebayimg.com/images/i/274382241464-0-1/s-l1600.jpg,,
5edfcf217f2fab1018313899,Mercury Rising ,Mercury Rising ,1998,,EAN 5035822002241,THRILLER / ADVENTURE,,https://i.ebayimg.com/images/i/383330110072-0-1/s-l1600.jpg,,
5ee10fc97f2fa81788c3eb33,Merlin,Merlin,,,EAN 5014138290566,SCI-FI,,https://i.ebayimg.com/00/s/NTA1WDM1Mg==/z/A8oAAOSwPnNapyE7/$_12.PNG?set_id=880000500F,,
5edfcf1b7f2fab1018313898,Message In A Bottle,Message In A Bottle,,,EAN 7321900169899,ROMANCE,,https://i.ebayimg.com/images/i/383557429187-0-1/s-l1600.jpg,,
5edfccce7f2fab101831385b,Michael Flatley - Lord Of The Dance,Michael Flatley - Lord Of The Dance,1998,,UPC 044004781022,MUSICAL,,https://i.ebayimg.com/images/i/174309561142-0-1/s-l1600.jpg,,
5edfd1ea7f2fab10183138e0,Michael Jackson - This Is It ,Michael Jackson - This Is It ,,BLURAY,EAN 5050629932034,MUSICAL,,https://i.ebayimg.com/images/i/324179616464-0-1/s-l1600.jpg,,
5edfc87b7f2faa101806890a,Minions,Minions,,BLURAY,EAN 5053083046941,ANIMATION / COMEDY,,https://i.ebayimg.com/images/i/324184948372-0-1/s-l1600.jpg,,
5ee10d997f2fa81788c3eafc,Minority Report,Minority Report,,BLURAY,EAN 5039036044004,SCI-FI,,https://i.ebayimg.com/images/i/274356944646-0-1/s-l1600.jpg,,
5edfd1c47f2fab10183138d9,Miracle On 34th Street,Miracle On 34th Street,,,EAN 5039036006613,DRAMA,,https://i.ebayimg.com/images/i/363009784109-0-1/s-l1600.jpg,,
5edfd1c87f2fab10183138da,"Mirror, Mirror ","Mirror, Mirror ",2012,BLURAY,EAN 5055201820648,ADVENTURE / FANTASY,,https://i.ebayimg.com/images/i/293063979709-0-1/s-l1600.jpg,,
5ee106047f2fa81788c3ea21,Mission Impossible : Rouge Nation,Mission Impossible : Rouge Nation,,BLURAY,EAN 5051368264431,THRILLER / ADVENTURE,,https://i.ebayimg.com/images/i/383570964241-0-1/s-l1600.jpg,,
5ee1072a7f2fa81788c3ea53,Mission Impossible 2,Mission Impossible 2,,,UPC 097363348740,THRILLER / ADVENTURE,,https://i5.walmartimages.com/asr/7ae406d1-4c71-450d-ae27-59f556fd5b2e_1.62c2cca1e7ac6bead35c85a574dd806b.jpeg?odnHeight=450&odnWidth=450&odnBg=ffffff,,
5ee1072c7f2fa81788c3ea54,Mission Impossible 3,Mission Impossible 3,,BLURAY,EAN 5051368204635,THRILLER / ADVENTURE,,https://i.ebayimg.com/images/i/383468634645-0-1/s-l1600.jpg,,
5ee106067f2fa81788c3ea22,Mission Impossible: Fallout,Mission Impossible: Fallout,,BLURAY,EAN 5053083158804,THRILLER / ADVENTURE,,https://i.ebayimg.com/images/i/114249703898-0-1/s-l1600.jpg,,
5ee106037f2fa81788c3ea20,Mission Impossible: Ghost Prot,Mission Impossible: Ghost Prot,,BLURAY,EAN 5051368233338,THRILLER / ADVENTURE,,https://i.ebayimg.com/images/i/114066379746-0-1/s-l1600.jpg,,
5edfd1267f2fab10183138c5,Mona Lisa Smile,Mona Lisa Smile,,,EAN 5035822480339,ROMANCE,,https://i.ebayimg.com/images/i/283902676016-0-1/s-l1600.jpg,,
5ee106d37f2fa81788c3ea3c,"Monsters, Inc.","Monsters, Inc.",,,EAN 5017188883986,ANIMATION / COMEDY,,https://i.ebayimg.com/images/i/133433270696-0-1/s-l1600.jpg,,
5edfcf327f2fab101831389c,"Monty Python: The Movies By Graham Chapman,john Cleese.","Monty Python: The Movies By Graham Chapman,john Cleese.",,,EAN 5035822109315,COMEDY,,https://i.ebayimg.com/images/i/293064096841-0-1/s-l1600.jpg,,
5ee104a77f2fa81788c3ea00,Moonraker,Moonraker,,,EAN 5050070002324,THRILLER / ADVENTURE,,https://i.ebayimg.com/images/i/363006253659-0-1/s-l1600.jpg,,
6783f0a90aa2e81f1812673e,Morbius,Morbius,,,5.05063E+12,SCI-FI,,image_url,,
5ee10ec17f2fa81788c3eb1a,Morgan,Morgan,,,EAN 5039036078856,SCI-FI,,https://i.ebayimg.com/images/i/363009785127-0-1/s-l1600.jpg,,
6783f6ad0aa2e81f18126770,Morgan,Morgan,,,5.03904E+12,THRILLER / ADVENTURE,[],https://stiletto.ddns.net/MagnoliumApiCore/api/discs/covers/5039036078856.png?v=1789496811,manual,
5edfccb37f2fab1018313857,Moulin Rouge ,Moulin Rouge ,,,EAN 5039036008372,MUSICAL,,https://i.ebayimg.com/images/i/224028789738-0-1/s-l1600.jpg,,
5edfd1ed7f2fab10183138e1,Mr Popper's Penguins,Mr Popper's Penguins,,,EAN 5039036048583,COMEDY,,https://i.ebayimg.com/images/i/324184927986-0-1/s-l1600.jpg,,
5ee104f07f2fa81788c3ea0a,MRS BROWN'S BOYS,MRS BROWN'S BOYS,,,EAN 5050582828238,COMEDY,,https://i5.walmartimages.com/asr/0cf485d4-8fd5-4164-8816-7fb7a2505999_1.c0b053338fbf6dac63abeac82de4051e.jpeg?odnHeight=450&odnWidth=450&odnBg=ffffff,,
5edfd1237f2fab10183138c4,My Best Friend's Wedding,My Best Friend's Wedding,1997,,EAN 5035822524132,COMEDY,,https://i.ebayimg.com/images/i/303071482454-0-1/s-l1600.jpg,,
5edfd08a7f2fab10183138b3,My Big Fat Greek Wedding,My Big Fat Greek Wedding,,,EAN 5017239191787,COMEDY,,https://i.ebayimg.com/images/i/392827032013-0-1/s-l1600.jpg,,
5edfcf7c7f2fab10183138a2,National Lampoon's Christmas Vacation,National Lampoon's Christmas Vacation,,BLURAY,EAN 7321904828464,COMEDY,,http://img.bbystatic.com/BestBuy_US/images/products/nonsku/default_movies_l.jpg,,
5ee1091d7f2fa81788c3ea96,Nemesis ,Nemesis ,1992,,EAN 5018501010034,SCI-FI,,https://i.ebayimg.com/images/i/293063919936-0-1/s-l1600.jpg,,
5edfc7867f2faa10180688eb,New Year's Eve,New Year's Eve,,,5.05189E+12,ROMANCE,[],https://stiletto.ddns.net/MagnoliumApiCore/api/discs/covers/5051892074414.png?v=1789496984,manual,
5ee107157f2fa81788c3ea4e,Nico - Above The Law,Nico - Above The Law,1999,,EAN 7321900117869,THRILLER / ADVENTURE,,https://i.ebayimg.com/images/i/153883073944-0-1/s-l1600.jpg,,
5edfcdac7f2fab1018313876,Nine Lives,Nine Lives,,,EAN 5055761908213,COMEDY,,https://i.ebayimg.com/images/i/324189082406-0-1/s-l1600.jpg,,
5edfd17f7f2fab10183138cc,North And South - Book 2 ,North And South - Book 2 ,,,EAN 7321900116145,DRAMA,,https://i.ebayimg.com/images/i/332970749001-0-1/s-l1600.jpg,,
5edfd1927f2fab10183138d1,North And South: Book 1,North And South: Book 1,,,EAN 7321900242523,DRAMA,,https://i.ebayimg.com/images/i/392408082632-0-1/s-l1600.jpg,,
5edfd1b07f2fab10183138d6,NOTEBOOK,NOTEBOOK,,,EAN 5017239192463,ROMANCE,,https://i5.walmartimages.com/asr/8d9106a3-7265-43d0-9506-d951e7def553_1.551c39e1121a51c4eb438406ae8ee98f.jpeg?odnHeight=450&odnWidth=450&odnBg=ffffff,,
5ee104ad7f2fa81788c3ea02,Octopussy,Octopussy,,,EAN 5050070004984,THRILLER / ADVENTURE,,https://i.ebayimg.com/00/s/NTA1WDM1Nw==/z/1cQAAOSwi4datATL/$_12.PNG?set_id=880000500F,,
5edfc83d7f2faa1018068902,Olaf's Frozen Adventure,Olaf's Frozen Adventure,,,8.71742E+12,ANIMATION / COMEDY,[],https://stiletto.ddns.net/MagnoliumApiCore/api/discs/covers/8717418520991.png?v=1789497209,manual,
5ee1049a7f2fa81788c3e9fb,On Her Majesty`s Secret Service,On Her Majesty`s Secret Service,,,EAN 5050070002263,THRILLER / ADVENTURE,,https://i.ebayimg.com/images/i/114239813773-0-1/s-l1600.jpg,,
5edfd1f37f2fab10183138e3,Out Of Africa,Out Of Africa,,,EAN 5050582047035,ROMANCE,,https://i.ebayimg.com/images/i/114237457950-0-1/s-l1600.jpg,,
5edfd0a57f2fab10183138b9,P.S. I Love You,P.S. I Love You,,,EAN 5060116721355,ROMANCE,,https://i.ebayimg.com/images/i/283904582375-0-1/s-l1600.jpg,,
5edfceb07f2fab101831388a,Paul,Paul,,BLURAY,EAN 5050582859720,COMEDY,,https://i.ebayimg.com/images/i/163303117178-0-1/s-l1600.jpg,,
5ee1067a7f2fa81788c3ea32,Paycheck,Paycheck,,,EAN 5050583010595,SCI-FI,,https://i.ebayimg.com/images/i/184234562554-0-1/s-l1600.jpg,,
5ee107027f2fa81788c3ea49,Peacemaker,Peacemaker,,,UPC 667068416022,THRILLER / ADVENTURE,,https://i5.walmartimages.com/asr/e5b99aa3-cac9-4c97-b41b-8608501967e9_1.7a837386232c39964efd3255c5b11ada.jpeg?odnHeight=450&odnWidth=450&odnBg=ffffff,,
5edfcb7d7f2fab101831383f,Peep Show: Series 1-3,Peep Show: Series 1-3,,,EAN 6867441008293,COMEDY,,https://i.ebayimg.com/images/i/123659753222-0-1/s-l1600.jpg,,
5edfce7c7f2fab1018313881,Piggy Tales Season,Piggy Tales Season,,,EAN 5035822504134,ANIMATION,,https://i.ebayimg.com/images/i/373075358195-0-1/s-l1600.jpg,,
5ee10eb77f2fa81788c3eb15,Pirates Of The Caribbean Dead Mans Chest ,Pirates Of The Caribbean Dead Mans Chest ,,,EAN 8717418099756,THRILLER / ADVENTURE,,https://i.ebayimg.com/images/i/223867715970-0-1/s-l1600.jpg,,
5ee10eba7f2fa81788c3eb17,Pirates Of The Caribbean: At World`s End,Pirates Of The Caribbean: At World`s End,,,EAN 8717418124038,THRILLER / ADVENTURE,,https://i.ebayimg.com/images/i/133397178706-0-1/s-l1600.jpg,,
5ee10eb97f2fa81788c3eb16,Pirates Of The Caribbean: The Curse Of The Black Pearl ,Pirates Of The Caribbean: The Curse Of The Black Pearl ,2003,,EAN 5017188888882,THRILLER / ADVENTURE,,https://i.ebayimg.com/images/i/113908531389-0-1/s-l1600.jpg,,
5ee108937f2fa81788c3ea84,Planet Of The Apes,Planet Of The Apes,,,EAN 5039036016810,SCI-FI,,http://ecx.images-amazon.com/images/I/51t6PyIO1wL._SL160_.jpg,,
6783f4b30aa2e81f1812675b,Planet Of The Apes,Planet Of The Apes,,,5.03904E+12,SCI-FI,,image_url,,
5ee10db07f2fa81788c3eb05,Predator - Ultimate Edition,Predator - Ultimate Edition,,BLURAY,EAN 5039036044653,SCI-FI,,https://i.ebayimg.com/images/i/202989066102-0-1/s-l1600.jpg,,
5ee10dae7f2fa81788c3eb04,Predator 2,Predator 2,,BLURAY,EAN 5039036039352,SCI-FI,,http://img.bbystatic.com/BestBuy_US/images/products/nonsku/default_movies_l.jpg,,
5ee10daa7f2fa81788c3eb03,Predators,Predators,,BLURAY,EAN 5039036045438,SCI-FI,,https://i.ebayimg.com/images/i/133433166466-0-1/s-l1600.jpg,,
6784507be4085b038c32ce1c,Predators,Predators,,,5.03904E+12,SCI-FI,[],https://stiletto.ddns.net/MagnoliumApiCore/api/discs/covers/5039036045438.png?v=1789496867,manual,
5ee10c247f2fa81788c3eaf0,Predestination,Predestination,,BLURAY,EAN 5060262852880,SCI-FI,,https://i.ebayimg.com/images/i/163303155657-0-1/s-l1600.jpg,,
5edfd0857f2fab10183138b2,Pride And Prejudice,Pride And Prejudice,,,EAN 5050582391251,ROMANCE,,https://i.ebayimg.com/images/i/324189083423-0-1/s-l1600.jpg,,
5edfc5d87f2faa10180688e5,Princess & The Pirate,Princess & The Pirate,,,26359066627,COMEDY,[],https://stiletto.ddns.net/MagnoliumApiCore/api/discs/covers/026359066627.png?v=1789496156,manual,
5ee10c2f7f2fa81788c3eaf5,Project X,Project X,,BLURAY,EAN 5051892093477,DRAMA,,https://i.ebayimg.com/images/i/392824681582-0-1/s-l1600.jpg,,
5ee10b777f2fa81788c3eae7,Prometheus,Prometheus,,BLURAY,EAN 5039036054188,SCI-FI,,https://i.ebayimg.com/images/i/293063786862-0-1/s-l1600.jpg,,
5ee104637f2fa81788c3e9f0,Quantum Of Solace,Quantum Of Solace,2008,BLURAY,EAN 5039036040761,THRILLER / ADVENTURE,,https://i.ebayimg.com/images/i/283885191055-0-1/s-l1600.jpg,,
5edfcd697f2fab101831386d,Raising Arizona ,Raising Arizona ,,,EAN 5039036006125,COMEDY,,https://i.ebayimg.com/images/i/373075356567-0-1/s-l1600.jpg,,
5ee106cb7f2fa81788c3ea3a,Ratatouille,Ratatouille,,,EAN 8717418150426,ANIMATION / COMEDY,,https://i.ebayimg.com/images/i/293110623855-0-1/s-l1600.jpg,,
5ee106bb7f2fa81788c3ea36,Ray,Ray,2004,,EAN 5050582393675,DRAMA,,https://i.ebayimg.com/images/i/274268461626-0-1/s-l1600.jpg,,
5ee106f67f2fa81788c3ea46,Reservoir Dogs,Reservoir Dogs,,,EAN 5060116720785,THRILLER / ADVENTURE,,https://i.ebayimg.com/images/i/184234549152-0-1/s-l1600.jpg,,
5edfcda47f2fab1018313874,Revenant,Revenant,,BLURAY,EAN 5039036076517,DRAMA,,https://i.ebayimg.com/images/i/114248563834-0-1/s-l1600.jpg,,
5edfce487f2fab101831387a,Richard Pryor Live In Concert,Richard Pryor Live In Concert,,,5.06002E+12,COMEDY,[],https://stiletto.ddns.net/MagnoliumApiCore/api/discs/covers/5060018488288.png?v=1789494917,manual,
5edfce6d7f2fab101831387e,Rio,Rio,,BLURAY,EAN 5039036048255,ANIMATION / COMEDY,,https://i.ebayimg.com/images/i/362992644352-0-1/s-l1600.jpg,,
5ee10d957f2fa81788c3eafa,Rise Of The Planet Of The Apes,Rise Of The Planet Of The Apes,,BLURAY,EAN 5039036048668,SCI-FI,,https://i.ebayimg.com/images/i/383542038052-0-1/s-l1600.jpg,,
6783f4a10aa2e81f18126759,Rise Of The Planet Of The Apes,Rise Of The Planet Of The Apes,,,5.03904E+12,SCI-FI,,image_url,,
5edfcebb7f2fab101831388c,Road To Bali,Road To Bali,,,EAN 5025539960460,COMEDY,,http://i.ebayimg.com/00/s/NTA1WDM1Nw==/z/X~IAAOSwLkdY8kZM/$_12.PNG?set_id=880000500F,,
5ee107a17f2fa81788c3ea61,Robocop,Robocop,,BLURAY,EAN 5055201822994,SCI-FI,,https://i.ebayimg.com/images/i/383571038026-0-1/s-l1600.jpg,,
5ee1079f7f2fa81788c3ea60,Robocop Trilogy,Robocop Trilogy,2010,BLURAY,EAN 5039036045117,SCI-FI,,https://i.ebayimg.com/images/i/223599315821-0-1/s-l1600.jpg,,
5edfd1007f2fab10183138bc,Runaway Bride,Runaway Bride,,,EAN 5017188882569,COMEDY,,https://i.ebayimg.com/images/i/133430533956-0-1/s-l1600.jpg,,
5edfd1f07f2fab10183138e2,Ryan's Daughter,Ryan's Daughter,,,EAN 7321900561136,ROMANCE,,https://i.ebayimg.com/images/i/324184956882-0-1/s-l1600.jpg,,
5ee10c357f2fa81788c3eaf8,Safe House,Safe House,,BLURAY,EAN 5050582899207,THRILLER / ADVENTURE,,https://i.ebayimg.com/images/i/362993709370-0-1/s-l1600.jpg,,
5edfce737f2fab101831387f,Sammys Great Escape,Sammys Great Escape,,,EAN 5051892131582,ANIMATION / FANATASY,,https://i.ebayimg.com/images/i/363013048435-0-1/s-l1600.jpg,,
5ee10ebf7f2fa81788c3eb19,San Andreas,San Andreas,,BLURAY,EAN 5051892189637,THRILLER / ADVENTURE,,https://i.ebayimg.com/images/i/383570963072-0-1/s-l1600.jpg,,
5ee106c47f2fa81788c3ea38,Sapphire And Steel,Sapphire And Steel,,,EAN 5027626283643,SCI-FI,,https://i.ebayimg.com/images/i/114246280234-0-1/s-l1600.jpg,,
5ee106457f2fa81788c3ea2c,Saving Private Ryan ,Saving Private Ryan ,,,EAN 5014437804037,THRILLER / ADVENTURE,,https://i.ebayimg.com/images/i/324189083202-0-1/s-l1600.jpg,,
5ee10f427f2fa81788c3eb25,Saw Uncut Version,Saw Uncut Version,,,EAN 5017239192999,HORROR,,https://i.ebayimg.com/images/i/373075356517-0-1/s-l1600.jpg,,
5ee106f87f2fa81788c3ea47,Scarface,Scarface,,,EAN 5050582286960,THRILLER / ADVENTURE,,https://i.ebayimg.com/images/i/293605660966-0-1/s-l1600.jpg,,
5ee10da37f2fa81788c3eb00,Se7en,Se7en,,BLURAY,EAN 5051892011709,HORROR,,https://i.ebayimg.com/images/i/164214946246-0-1/s-l1600.jpg,,
5ee10dbd7f2fa81788c3eb0a,Serenity,Serenity,,BLURAY,EAN 5050582857580,SCI-FI,,https://i.ebayimg.com/images/i/324107215645-0-1/s-l1600.jpg,,
5ee10fde7f2fa81788c3eb36,Serenity,Serenity,2011,,EAN 5050582391671,SCI-FI,,https://i.ebayimg.com/images/i/254618516684-0-1/s-l1600.jpg,,
5edfccbd7f2fab1018313859,Seven Brides For Seven Brothers,Seven Brides For Seven Brothers,,,EAN 7321900650656,MUSICAL,,https://i.ebayimg.com/images/i/283887402055-0-1/s-l1600.jpg,,
5edfd12d7f2fab10183138c7,Sex & the City - Series 3,Sex & the City - Series 3,,,EAN 5014437821133,COMEDY,,https://i19.onbuy.com/product/84e9add45b4f41759e205ce6ac484ece-l701076.jpg,,
5edfd1d67f2fab10183138de,Sex and the City,Sex and the City,,,UPC 685738726325,COMEDY,,https://tshop.r10s.com/4ae/ac6/158a/aac5/90f5/1cf3/50c0/1170e8b59254ab3a2959ed.jpg?_ex=512x512,,
5edfd1d37f2fab10183138dd,Sex and the City 2,Sex and the City 2,2010,,EAN 5051892011853,COMEDY,,https://i23.onbuy.com/product/cfbd34e31b7546db82e37aed7ee9c018-l1838522.jpg,,
6783f0c10aa2e81f18126741,Shang-Chi and the Legend of the Ten Rings,Shang-Chi and the Legend of the Ten Rings,,BLURAY,8.71742E+12,SCI-FI,,image_url,,
5edfce8e7f2fab1018313884,Shaun Of The Dead,Shaun Of The Dead,,,EAN 5050582261103,HORROR,,https://i.ebayimg.com/images/i/373075357732-0-1/s-l1600.jpg,,
5edfd1b77f2fab10183138d8,Shenandoah ,Shenandoah ,1965,,EAN 5050582253795,WESTERN,,https://i.ebayimg.com/images/i/123746750326-0-1/s-l1600.jpg,,
5ee106dd7f2fa81788c3ea3e,Shrek ,Shrek ,2001,,UPC 667068824421,ANIMATION / COMEDY,,https://i.ebayimg.com/images/i/143623120258-0-1/s-l1600.jpg,,
5ee106df7f2fa81788c3ea3f,Shrek 2,Shrek 2,2004,,EAN 5050583014197,ANIMATION / COMEDY,,https://i.ebayimg.com/images/i/153932159243-0-1/s-l1600.jpg,,
5ee106ed7f2fa81788c3ea43,Shrek Forever After,Shrek Forever After,,,EAN 5051189138034,ANIMATION / COMEDY,,https://i.ebayimg.com/images/i/383576988762-0-1/s-l1600.jpg,,
5ee106d67f2fa81788c3ea3d,Shrek The Third,Shrek The Third,,,EAN 5051189134432,ANIMATION / COMEDY,,https://i.ebayimg.com/images/i/383097758164-0-1/s-l1600.jpg,,
5ee10c267f2fa81788c3eaf1,Sicario,Sicario,,BLURAY,EAN 5055761906769,THRILLER / ADVENTURE,,https://i.ebayimg.com/images/i/254554550235-0-1/s-l1600.jpg,,
5edfc5e37f2faa10180688e7,Silent Running,Silent Running,,,5.06E+12,SCI-FI,[],https://stiletto.ddns.net/MagnoliumApiCore/api/discs/covers/5060000700381.png?v=1789496284,manual,
5edfcf8d7f2fab10183138a6,Silver Linings Playbook,Silver Linings Playbook,,BLURAY,EAN 5017239152252,ROMANCE,,http://img.bbystatic.com/BestBuy_US/images/products/nonsku/default_movies_l.jpg,,
5ee10c077f2fa81788c3eaeb,Sin City ,Sin City ,,,EAN 8717418047931,SCI-FI,,https://i.ebayimg.com/images/i/372992667737-0-1/s-l1600.jpg,,
5ee104657f2fa81788c3e9f1,Skyfall,Skyfall,,BLURAY,EAN 5039036058315,THRILLER / ADVENTURE,,http://img.bbystatic.com/BestBuy_US/images/products/nonsku/default_movies_l.jpg,,
5ee108177f2fa81788c3ea70,Skyline,Skyline,,BLURAY,EAN 5060116726282,SCI-FI,,https://i.ebayimg.com/images/i/383468634347-0-1/s-l1600.jpg,,
5ee106f37f2fa81788c3ea45,Smokin' Aces,Smokin' Aces,,,EAN 5050582487138,THRILLER / ADVENTURE,,https://i.ebayimg.com/images/i/324185332883-0-1/s-l1600.jpg,,
5edfcf387f2fab101831389d,Smurfs,Smurfs,,,EAN 5035822577237,ANIMATION / COMEDY,,https://i.ebayimg.com/images/i/324184928422-0-1/s-l1600.jpg,,
5f033dd97f2fa80c70c007e0,Snowpiercer ,Snowpiercer ,,BLURAY,EAN 5055761914825,SCI-FI,,https://i.ebayimg.com/images/i/164263741874-0-1/s-l1600.jpg,,
5ee10a6b7f2fa81788c3eab0,Solo: A Star Wars Story,Solo: A Star Wars Story,,BLURAY,EAN 8717418534554,SCI-FI,,https://i.ebayimg.com/images/i/114253179110-0-1/s-l1600.jpg,,
5edfcf2b7f2fab101831389b,Somewhere In Time,Somewhere In Time,,,EAN 5060020627583,ROMANCE,,https://i.ebayimg.com/images/i/373075356759-0-1/s-l1600.jpg,,
5edfc9427f2faa1018068910,Sons Of Anarchy,Sons Of Anarchy,,,EAN 5039036044691,THRILLER / ADVENTURE,,https://i.ebayimg.com/images/i/163303182414-0-1/s-l1600.jpg,,
5edfccab7f2fab1018313855,Sound Of Music,Sound Of Music,,,EAN 5039036005692,MUSICAL,,https://i.ebayimg.com/images/i/362390561198-0-1/s-l1600.jpg,,
5edfd1147f2fab10183138c1,South Pacific ,South Pacific ,,,UPC 024543045182,MUSICAL,,https://i.ebayimg.com/images/i/333596532725-0-1/s-l1600.jpg,,
5ee104ea7f2fa81788c3ea09,"South Park: Bigger, Longer & Uncut","South Park: Bigger, Longer & Uncut",,,UPC 097363368243,SCI-FI,,http://img.bbystatic.com/BestBuy_US/images/products/3786/3786139.jpg,,
5ee1088f7f2fa81788c3ea82,Species,Species,,,EAN 5050070000214,SCI-FI,,http://i.ebayimg.com/00/s/NTA1WDM1MQ==/z/KGQAAOSwIWVY8ujg/$_12.PNG?set_id=880000500F,,
5ee108807f2fa81788c3ea81,Species 2,Species 2,2000,,EAN 5050070000221,SCI-FI,,https://i.ebayimg.com/images/i/123689771851-0-1/s-l1600.jpg,,
5ee104687f2fa81788c3e9f2,Spectre,Spectre,,BLURAY,EAN 5039036076159,SCI-FI,,https://i.ebayimg.com/images/i/114249831274-0-1/s-l1600.jpg,,
5ee10ae07f2fa81788c3eabf,Spider-man,Spider-man,,,EAN 5035822216136,SCI-FI,,https://i.ebayimg.com/images/i/383576989635-0-1/s-l1600.jpg,,
5ee10af17f2fa81788c3eac2,Spider-man ,Spider-man ,,BLURAY,EAN 5051124151999,SCI-FI,,https://i.ebayimg.com/images/i/383570964161-0-1/s-l1600.jpg,,
5ee10ae27f2fa81788c3eac0,Spider-man 2 ,Spider-man 2 ,2004,,EAN 5035822480131,SCI-FI,,https://i.ebayimg.com/images/i/362437912518-0-1/s-l1600.jpg,,
5ee10ae47f2fa81788c3eac1,Spider-man 3,Spider-man 3,,,EAN 5050350495433,SCI-FI,,https://i.ebayimg.com/images/i/123689827905-0-1/s-l1600.jpg,,
5edfcd737f2fab101831386f,Spinal Tap - This Is Spinal Tap,Spinal Tap - This Is Spinal Tap,,,EAN 5050070004380,MUSICAL,,https://i.ebayimg.com/images/i/373065244090-0-1/s-l1600.jpg,,
5edfcf897f2fab10183138a5,Spy,Spy,2015,BLURAY,EAN 5039036074193,COMEDY,,https://i.ebayimg.com/images/i/163303117747-0-1/s-l1600.jpg,,
5edfd05e7f2fab10183138ae,"Star Is Born, A","Star Is Born, A",,,EAN 9325336039670,ROMANCE,,https://i.ebayimg.com/images/i/163671220180-0-1/s-l1600.jpg,,
5ee10a257f2fa81788c3eaa8,Star Trek - The Next Generation,Star Trek - The Next Generation,,,EAN 5051368232935,SCI-FI,,https://i.ebayimg.com/images/i/303401509344-0-1/s-l1600.jpg,,
6784517ce4085b038c32ce20,Star Trek 1-10 ,Star Trek 1-10 ,,,5.05137E+12,SCI-FI,,image_url,,
5ee10a267f2fa81788c3eaa9,Star Trek Beyond ,Star Trek Beyond ,,,EAN 5053083082116,SCI-FI,,https://i.ebayimg.com/images/i/362970392937-0-1/s-l1600.jpg,,
5ee10a287f2fa81788c3eaaa,Star Trek Into Darkness,Star Trek Into Darkness,,BLURAY,EAN 5051368250434,SCI-FI,,http://img.bbystatic.com/BestBuy_US/images/products/nonsku/default_movies_l.jpg,,
6783f40a0aa2e81f18126751,Star Trek Into Darkness,Star Trek Into Darkness,,BLURAY,5.05137E+12,SCI-FI,,image_url,,
5ee10a5a7f2fa81788c3eaab,Star Trek: Stardate Collection,Star Trek: Stardate Collection,,,EAN 5051368245935,SCI-FI,,https://i5.walmartimages.com/asr/4c0c4095-0b31-4a14-aa63-2d76e9ecb7c7_1.8ff5917c1c376e8698098f9f6cb4d514.gif?odnHeight=450&odnWidth=450&odnBg=ffffff,,
6783f4160aa2e81f18126752,Star Trek: The Next Generation,Star Trek: The Next Generation,,,5.05137E+12,SCI-FI,,image_url,,
5ee10a5f7f2fa81788c3eaad,Star Wars - The Complete Saga,Star Wars - The Complete Saga,,BLURAY,EAN 5039036046671,SCI-FI,,https://i.ebayimg.com/images/i/303507329042-0-1/s-l1600.jpg,,
6783f4450aa2e81f18126756,Star Wars Episode Viii: The Last Jedi,Star Wars Episode Viii: The Last Jedi,,,8.71742E+12,SCI-FI,,image_url,,
6783f4430aa2e81f18126755,Star Wars The Force Awakens,Star Wars The Force Awakens,,,8.71742E+12,SCI-FI,,image_url,,
5ee10a5c7f2fa81788c3eaac,Star Wars The Force Awakens ,Star Wars The Force Awakens ,,BLURAY,EAN 8717418478155,SCI-FI,,https://i.ebayimg.com/images/i/372828739787-0-1/s-l1600.jpg,,
5ee10a6e7f2fa81788c3eab1,Star Wars The Last,Star Wars The Last,,BLURAY,EAN 8717418523824,SCI-FI,,https://i.ebayimg.com/images/i/373071003080-0-1/s-l1600.jpg,,
6783f42d0aa2e81f18126753,Star Wars: The Complete..,Star Wars: The Complete..,,,5.03904E+12,SCI-FI,,image_url,,
5ee108027f2fa81788c3ea68,Stargate ,Stargate ,,,EAN 5060021175137,SCI-FI,,https://i.ebayimg.com/images/i/283833901255-0-1/s-l1600.jpg,,
5ee1084d7f2fa81788c3ea7b,Starship Troopers,Starship Troopers,,BLURAY,EAN 8717418129217,SCI-FI,,http://img.bbystatic.com/BestBuy_US/images/products/nonsku/default_movies_l.jpg,,
5ee10fbe7f2fa81788c3eb30,Starship Troopers,Starship Troopers,,,UPC 043396717190,SCI-FI,,http://i5.walmartimages.com/asr/b0922b5e-558e-4c14-9a5a-949a56d829e0_1.a0ea475012e42f67a79b65380d8b2ae8.jpeg?odnHeight=450&odnWidth=450&odnBg=ffffff,,
5ee10ebd7f2fa81788c3eb18,Stealth,Stealth,,,EAN 5035822696532,SCI-FI,,https://i.ebayimg.com/images/i/324189084088-0-1/s-l1600.jpg,,
5edfd1087f2fab10183138be,Stepmom,Stepmom,,,EAN 5035822676237,ROMANCE,,https://i.ebayimg.com/images/i/114241352887-0-1/s-l1600.jpg,,
5ee106c07f2fa81788c3ea37,Stuart Little,Stuart Little,,,EAN 5035822880948,COMEDY,,https://i.ebayimg.com/images/i/324184926833-0-1/s-l1600.jpg,,
5ee10b3c7f2fa81788c3ead4,Suicide Squad,Suicide Squad,,BLURAY,EAN 5051892196291,SCI-FI,,https://i.ebayimg.com/images/i/373070957915-0-1/s-l1600.jpg,,
5ee108f77f2fa81788c3ea8d,Super 8 ,Super 8 ,2011,BLURAY,EAN 5051368215730,SCI-FI,,https://i.ebayimg.com/images/i/292979348813-0-1/s-l1600.jpg,,
5ee107207f2fa81788c3ea51,Swordfish,Swordfish,,,UPC 085392132225,THRILLER / ADVENTURE,,https://i5.walmartimages.com/asr/2af2eaf6-f25d-4a67-82fc-d5432c98d11c_1.d48771a061ec6236b6c7e094107222a4.jpeg?odnHeight=450&odnWidth=450&odnBg=ffffff,,
5ee107107f2fa81788c3ea4d,Taken,Taken,,,EAN 5039036040396,THRILLER / ADVENTURE,,https://i.ebayimg.com/images/i/373075358308-0-1/s-l1600.jpg,,
5ee10de67f2fa81788c3eb0c,Team America - World,Team America - World,,,EAN 5014437864734,COMEDY,,https://i.ebayimg.com/images/i/373075357563-0-1/s-l1600.jpg,,
5edfc8747f2faa1018068909,Ted,Ted,,BLURAY,EAN 5050582911091,COMEDY,,https://i.ebayimg.com/images/i/373070998584-0-1/s-l1600.jpg,,
6783ecff0aa2e81f18126731,Teen Wolf,Teen Wolf,,,5.03904E+12,COMEDY,,image_url,,
6783f43b0aa2e81f18126754,Tenet,Tenet,,,5.05189E+12,SCI-FI,,image_url,,
5ee1082b7f2fa81788c3ea76,Terminator 2 - Judgment Day,Terminator 2 - Judgment Day,,,UPC 012236044109,SCI-FI,,http://img.bbystatic.com/BestBuy_US/images/products/3117/3117157_sc.jpg,,
5ee1082f7f2fa81788c3ea78,Terminator 2 - Judgment Day ,Terminator 2 - Judgment Day ,1991,BLURAY,EAN 5055201808509,SCI-FI,,https://i.ebayimg.com/00/s/ODk0WDk1MA==/z/VwUAAOSw8GFamrGk/$_57.JPG?set_id=8800005007,,
5ee1082d7f2fa81788c3ea77,Terminator 3 - Rise Of The Machines,Terminator 3 - Rise Of The Machines,,,EAN 5035822414433,SCI-FI,,https://i.ebayimg.com/images/i/383576989584-0-1/s-l1600.jpg,,
5edfc5dd7f2faa10180688e6,Terminator Dark Fate,Terminator Dark Fate,,,5.03904E+12,SCI-FI,[],https://stiletto.ddns.net/MagnoliumApiCore/api/discs/covers/5039036095242.png?v=1789496228,manual,
6783f4f80aa2e81f1812675e,Terminator Salvation,Terminator Salvation,,,5.05063E+12,SCI-FI,,image_url,,
5ee108327f2fa81788c3ea79,Terminator Salvation ,Terminator Salvation ,,BLURAY,EAN 5050629142617,SCI-FI,,https://i.ebayimg.com/images/i/164230142114-0-1/s-l1600.jpg,,
5ee107e67f2fa81788c3ea66,The 6th Day,The 6th Day,2004,,EAN 5035822099036,SCI-FI,,https://i.ebayimg.com/images/i/254620275406-0-1/s-l1600.jpg,,
5edfce827f2fab1018313882,The Adventures Of Baron Munchausen ,The Adventures Of Baron Munchausen ,,,EAN 5035822177437,FANTASY / ADVENTURE,,https://i.ebayimg.com/images/i/163825574813-0-1/s-l1600.jpg,,
6783f0c30aa2e81f18126742,The Batman,The Batman,,,5.05189E+12,SCI-FI,,image_url,,
5edfd1e57f2fab10183138df,The Beautiful South Munch: Our Hits,The Beautiful South Munch: Our Hits,,,UPC 044006309897,MUSICAL,,http://ecx.images-amazon.com/images/I/41IgxfRS1GL._SL160_.jpg,,
5edfcf107f2fab1018313896,The Birdcage,The Birdcage,,,EAN 5050070000047,COMEDY,,https://i.ebayimg.com/images/i/363006675454-0-1/s-l1600.jpg,,
5ee10feb7f2fa81788c3eb39,The Bourne Identity,The Bourne Identity,2002,BLURAY,EAN 5050582597301,THRILLER / ADVENTURE,,https://i.ebayimg.com/images/i/373003495365-0-1/s-l1600.jpg,,
5edfc7e27f2faa10180688f6,The Bourne Legacy Bl,The Bourne Legacy Bl,,BLURAY,EAN 5050582914016,THRILLER / ADVENTURE,,https://i.ebayimg.com/images/i/373070958036-0-1/s-l1600.jpg,,
5ee10fe97f2fa81788c3eb38,The Bourne Supremacy,The Bourne Supremacy,,,EAN 5050582277654,THRILLER / ADVENTURE,,https://i.ebayimg.com/00/s/NzE5WDUwMA==/z/GKEAAOSwYgFan7L0/$_1.JPG?set_id=880000500F,,
6783ed320aa2e81f18126735,The Bourne Supremacy ,The Bourne Supremacy ,,,5.05058E+12,THRILLER / ADVENTURE,,image_url,,
5edfc7c47f2faa10180688f2,The Bourne Ultimatum,The Bourne Ultimatum,2007,BLURAY,EAN 5050582597325,THRILLER / ADVENTURE,,https://i.ebayimg.com/images/i/114248307768-0-1/s-l1600.jpg,,
5ee10fed7f2fa81788c3eb3a,The Bourne Ultimatum,The Bourne Ultimatum,,,EAN 5050582508291,THRILLER / ADVENTURE,,https://i.ebayimg.com/images/i/383570964904-0-1/s-l1600.jpg,,
6783ecf70aa2e81f1812672f,The Bourne Ultimatum,The Bourne Ultimatum,,,5.05058E+12,THRILLER / ADVENTURE,,image_url,,
5ee10db67f2fa81788c3eb08,The Chronicles Of Riddick ,The Chronicles Of Riddick ,,BLURAY,EAN 5050582601428,SCI-FI,,https://i.ebayimg.com/images/i/392825855302-0-1/s-l1600.jpg,,
5ee109897f2fa81788c3eaa2,The Complete Matrix Trilogy,The Complete Matrix Trilogy,,,EAN 7321900220453,SCI-FI,,http://ecx.images-amazon.com/images/I/51xydHue4lL._SL160_.jpg,,
5ee108287f2fa81788c3ea75,The Core,The Core,,,EAN 5014437826138,SCI-FI,,https://i.ebayimg.com/images/i/383576990167-0-1/s-l1600.jpg,,
6783ece30aa2e81f1812672e,The Creator,The Creator,,,5.05672E+12,SCI-FI,,image_url,,
5ee107837f2fa81788c3ea56,The Day After Tomorrow,The Day After Tomorrow,,BLURAY,EAN 5039036032247,SCI-FI,,http://img.bbystatic.com/BestBuy_US/images/products/nonsku/default_movies_l.jpg,,
5ee10fdb7f2fa81788c3eb35,The Day After Tomorrow ,The Day After Tomorrow ,2004,,EAN 5039036018494,SCI-FI,,https://i.ebayimg.com/images/i/392354753760-0-1/s-l1600.jpg,,
5ee108547f2fa81788c3ea7d,The Day The Earth Stood still,The Day The Earth Stood still,,,EAN 5039036040945,SCI-FI,,https://i.ebayimg.com/images/i/133408967426-0-1/s-l1600.jpg,,
5ee1079b7f2fa81788c3ea5e,The Divergent Series ,The Divergent Series ,,,EAN 5030305518158,SCI-FI,,https://i.ebayimg.com/images/i/333599250141-0-1/s-l1600.jpg,,
6783ecfa0aa2e81f18126730,The Equalizer 3,The Equalizer 3,,,5.05063E+12,THRILLER / ADVENTURE,,image_url,,
5edfd0b37f2fab10183138bb,The Ex,The Ex,,,EAN 5051429101187,ROMANCE,,https://i.ebayimg.com/images/i/383570964937-0-1/s-l1600.jpg,,
5ee10d947f2fa81788c3eaf9,The Fifth Element,The Fifth Element,2011,BLURAY,EAN 5060002836897,SCI-FI,,https://i.ebayimg.com/images/i/153566102851-0-1/s-l1600.jpg,,
5ee10fba7f2fa81788c3eb2f,The Final Countdown,The Final Countdown,,,EAN 5017633201037,SCI-FI,,https://i.ebayimg.com/images/i/362435844966-0-1/s-l1600.jpg,,
5ee10f967f2fa81788c3eb2a,The Fly,The Fly,,BLURAY,EAN 5039036036825,SCI-FI,,http://img.bbystatic.com/BestBuy_US/images/products/nonsku/default_movies_l.jpg,,
5ee106767f2fa81788c3ea31,The Fog,The Fog,,BLURAY,EAN 5055201841223,HORROR,,https://i.ebayimg.com/images/i/392825855760-0-1/s-l1600.jpg,,
5ee10f3c7f2fa81788c3eb23,The Frighteners ,The Frighteners ,,,EAN 5035822004344,HORROR,,https://i.ebayimg.com/images/i/293064320005-0-1/s-l1600.jpg,,
5edfcf797f2fab10183138a1,The Game,The Game,,,UPC 044005622621,THRILLER / ADVENTURE,,https://i.ebayimg.com/images/i/353094956893-0-1/s-l1600.jpg,,
5edfce9d7f2fab1018313887,The Hangover,The Hangover,,,EAN 5051892007122,COMEDY,,https://i5.walmartimages.com/asr/7317aabb-511a-4bd8-9075-6b7dc2dc8ca3_1.d6f899d5072c1d4d069636eb86d3c02f.jpeg?odnHeight=450&odnWidth=450&odnBg=ffffff,,
5edfcea57f2fab1018313888,The Hangover - Part 2,The Hangover - Part 2,2011,BLURAY,EAN 5051892027779,COMEDY,,https://i.ebayimg.com/images/i/132764992887-0-1/s-l1600.jpg,,
5edfceaa7f2fab1018313889,The Hangover - Part 3,The Hangover - Part 3,,BLURAY,EAN 5051892124355,COMEDY,,https://i.ebayimg.com/images/i/392807879886-0-1/s-l1600.jpg,,
5ee107987f2fa81788c3ea5d,The Hateful Eight,The Hateful Eight,2015,BLURAY,EAN 5017239152641,WESTERN,,https://i.ebayimg.com/images/i/283905691062-0-1/s-l1600.jpg,,
5ee110767f2fa81788c3eb4d,The Hitmans Bodyguard,The Hitmans Bodyguard,,BLURAY,EAN 5055761910889,THRILLER / ADVENTURE,,https://i.ebayimg.com/images/i/373014794834-0-1/s-l1600.jpg,,
5ee10f9a7f2fa81788c3eb2b,The Hobbit - The Battle Of The Five Armies,The Hobbit - The Battle Of The Five Armies,,BLURAY,EAN 5051892186353,FANTASY / ADVENTURE,,https://i.ebayimg.com/images/i/392827032620-0-1/s-l1600.jpg,,
5ee109577f2fa81788c3ea9c,The Hobbit The Desolation Of Smaug,The Hobbit The Desolation Of Smaug,,BLURAY,EAN 5051892164146,FANTASY / ADVENTURE,,https://i.ebayimg.com/images/i/283893352563-0-1/s-l1600.jpg,,
6783ed080aa2e81f18126733,The Hobbit: The Battle of the Five Armies,The Hobbit: The Battle of the Five Armies,2015,BLURAY,5.05189E+12,FANTASY / ADVENTURE,,image_url,,
5edfc7ae7f2faa10180688f1,The Hunger Games,The Hunger Games,,BLURAY,EAN 5060223767291,SCI-FI / FANTASY,,https://i.ebayimg.com/images/i/283866118806-0-1/s-l1600.jpg,,
6783ee750aa2e81f18126738,The Hunger Games,The Hunger Games,,BLURAY,5.06022E+12,SCI-FI / FANTASY,,image_url,,
5f033de87f2fa80c70c007e1,The Hunger Games MockingJay Part 1,The Hunger Games MockingJay Part 1,2018,BLURAY,EAN 5055761904130,SCI-FI / FANTASY,,https://i30.onbuy.com/product/aa0ef176a11f4223b7ec8edb5cda90a1-l8663256.jpg,,
5edfc7a87f2faa10180688f0,The Hunger Games: Catching Fire,The Hunger Games: Catching Fire,2013,BLURAY,EAN 5055761901153,SCI-FI / FANTASY,,https://i.ebayimg.com/images/i/264754754255-0-1/s-l1600.jpg,,
6783ee6a0aa2e81f18126736,The Hunger Games: Mockingjay Part 1,The Hunger Games: Mockingjay Part 1,,BLURAY,5.05576E+12,SCI-FI / FANTASY,,image_url,,
6783ee6f0aa2e81f18126737,The Hunger Games: Mockingjay Part 2,The Hunger Games: Mockingjay Part 2,,,5.05576E+12,SCI-FI / FANTASY,,image_url,,
5edfc7a27f2faa10180688ef,The Hunger Games: Mockingjay Part 2 ,The Hunger Games: Mockingjay Part 2 ,2015,BLURAY,EAN 5055761906875,SCI-FI / FANTASY,,https://i.ebayimg.com/images/i/123746799093-0-1/s-l1600.jpg,,
5ee10ad07f2fa81788c3eab8,The Incredible Hulk,The Incredible Hulk,,,EAN 5050582587531,SCI-FI,,https://i.ebayimg.com/images/i/292975822602-0-1/s-l1600.jpg,,
5edfcf857f2fab10183138a4,The Incredibles,The Incredibles,,,EAN 8717418297916,ANIMATION / COMEDY,,https://i5.walmartimages.com/asr/f68593ce-86b1-4b9d-bf52-7c066f893e7c_1.bca3eb91efa7761b4c11a8fa4dde7ebd.jpeg?odnHeight=450&odnWidth=450&odnBg=ffffff,,
5ee108607f2fa81788c3ea80,The Island,The Island,,,EAN 7321900717304,SCI-FI,,https://i.ebayimg.com/images/i/324189083965-0-1/s-l1600.jpg,,
5edfcd567f2fab1018313869,The Jazz Singer,The Jazz Singer,,,EAN 9332412004224,MUSICAL,,https://i5.walmartimages.com/asr/7e6f6629-0793-4ba4-a3bc-c793be4f422c_1.4d54206028bc0d3e7b3ca6077a8ee10d.jpeg?odnHeight=450&odnWidth=450&odnBg=ffffff,,
5edfcd5a7f2fab101831386a,The Jazz Singer,The Jazz Singer,2005,,EAN 8809090752682,MUSICAL,,http://i.ebayimg.com/00/s/NTAwWDM0MA==/z/OlcAAOSw4A5YrEo3/$_1.JPG?set_id=880000500F,,
5edfccaf7f2fab1018313856,The King And I,The King And I,,,EAN 5039036005685,MUSICAL,,https://i.ebayimg.com/images/i/153860675582-0-1/s-l1600.jpg,,
5ee1067f7f2fa81788c3ea34,The Last Of The Mohicans,The Last Of The Mohicans,1992,BLURAY,EAN 5051892011983,THRILLER / ADVENTURE,,https://i.ebayimg.com/images/i/392813621224-0-1/s-l1600.jpg,,
5ee1090e7f2fa81788c3ea92,The League Of Extraordinary Gentlemen,The League Of Extraordinary Gentlemen,,,EAN 5039036015899,SCI-FI,,https://i.ebayimg.com/images/i/132709202816-0-1/s-l1600.jpg,,
6783f6360aa2e81f1812676a,The Legend Of Tarzan,The Legend Of Tarzan,,BLURAY,5.05189E+12,THRILLER / ADVENTURE,,image_url,,
5ee110047f2fa81788c3eb3b,The Lord Of The Rings The Fellowship Of The Ring ,The Lord Of The Rings The Fellowship Of The Ring ,2002,,EAN 5017239191695,FANTASY / ADVENTURE,,https://i.ebayimg.com/images/i/274328469816-0-1/s-l1600.jpg,,
5ee110067f2fa81788c3eb3c,The Lord Of The Rings The Two Towers,The Lord Of The Rings The Two Towers,,,EAN 5017239191794,FANTASY / ADVENTURE,,https://i.ebayimg.com/images/i/373075357310-0-1/s-l1600.jpg,,
5ee104a37f2fa81788c3e9fe,The Man With The Golden Gun ,The Man With The Golden Gun ,,,EAN 5050070002300,THRILLER / ADVENTURE,,https://i.ebayimg.com/images/i/254544040231-0-1/s-l1600.jpg,,
5ee10ece7f2fa81788c3eb20,The Martian,The Martian,,BLURAY,EAN 5039036075565,SCI-FI,,https://i.ebayimg.com/images/i/392788559979-0-1/s-l1600.jpg,,
5ee110637f2fa81788c3eb48,The Martian,The Martian,,,EAN 5039036076777,SCI-FI,,https://i.ebayimg.com/images/i/363009785478-0-1/s-l1600.jpg,,
5ee1106a7f2fa81788c3eb4a,The Mask,The Mask,,BLURAY,EAN 5051892201919,COMEDY,,https://i.ebayimg.com/images/i/164231860727-0-1/s-l1600.jpg,,
6783f6640aa2e81f1812676e,The Motorcycle Diaries,The Motorcycle Diaries,,,6.86745E+12,DRAMA,[],https://s4.thcdn.com/productimg/0/600/600/65/10032765-1308571331-625574.jpg,upcitemdb,
5ee1078d7f2fa81788c3ea59,The Motorcycle Diaries ,The Motorcycle Diaries ,,BLURAY,EAN 6867445000996,DRAMA,,https://i.ebayimg.com/images/i/372556327448-0-1/s-l1600.jpg,,
5ee10deb7f2fa81788c3eb0d,The Mummy,The Mummy,1999,,EAN 5035822003743,FANTASY / ADVENTURE,,https://i.ebayimg.com/images/i/223867713141-0-1/s-l1600.jpg,,
5ee10ded7f2fa81788c3eb0e,The Mummy Returns,The Mummy Returns,,,UPC 025192110023,FANTASY / ADVENTURE,,https://i5.walmartimages.com/asr/d898c339-475f-4071-9bc7-27f1d4e028d5_1.65518f2f3276822199e2cd2662cf456c.jpeg?odnHeight=450&odnWidth=450&odnBg=ffffff,,
5ee10e397f2fa81788c3eb0f,The Mummy Tomb Of The Dragon Emporer,The Mummy Tomb Of The Dragon Emporer,,,EAN 5050582556117,FANTASY / ADVENTURE,,https://i.ebayimg.com/images/i/324191957222-0-1/s-l1600.jpg,,
5edfcf807f2fab10183138a3,The Night Before ,The Night Before ,,BLURAY,EAN 5050630501533,COMEDY,,https://i.ebayimg.com/images/i/324184927047-0-1/s-l1600.jpg,,
5ee107957f2fa81788c3ea5c,The Ninth Gate,The Ninth Gate,,BLURAY,UPC 012236104353,HORROR,,https://i5.walmartimages.com/asr/aa27039c-7e32-4f26-a6e3-1cec376be268_1.49e6b3baea62f83a77bf9513832f307e.jpeg?odnHeight=450&odnWidth=450&odnBg=ffffff,,
6783f6560aa2e81f1812676c,The Ninth Gate,The Ninth Gate,,,12236104353,HORROR,,image_url,,
5edfcd2a7f2fab1018313862,The Pink Panther Film Collection ,The Pink Panther Film Collection ,1976,,EAN 5050070010404,COMEDY,,https://i.ebayimg.com/images/i/143591319100-0-1/s-l1600.jpg,,
5ee10da67f2fa81788c3eb01,The Predator,The Predator,,BLURAY,EAN 5039036089234,SCI-FI,,https://i.ebayimg.com/images/i/363016571591-0-1/s-l1600.jpg,,
5ee109187f2fa81788c3ea95,The Prophecy ,The Prophecy ,,,EAN 5017188885003,HORROR,,https://i.ebayimg.com/images/i/123689748354-0-1/s-l1600.jpg,,
5edfd09e7f2fab10183138b7,The Queen,The Queen,,,EAN 5060002835128,DRAMA,,http://ecx.images-amazon.com/images/I/41enGM29%2B-L._SL160_.jpg,,
5edfccb87f2fab1018313858,The Rocky Horror Picture Show,The Rocky Horror Picture Show,2001,,EAN 5039036004312,MUSICAL,,https://i.ebayimg.com/images/i/202849115160-0-1/s-l1600.jpg,,
5ee106487f2fa81788c3ea2d,The Seventh Sign,The Seventh Sign,2000,,EAN 5035822136731,HORROR,,https://i.ebayimg.com/images/i/293484011504-0-1/s-l1600.jpg,,
5ee106c87f2fa81788c3ea39,The Simpsons ,The Simpsons ,,,EAN 5039036035743,COMEDY,,https://i.ebayimg.com/images/i/324189082164-0-1/s-l1600.jpg,,
5edfcc657f2fab1018313853,The Simpsons: Complete Season 1,The Simpsons: Complete Season 1,,,EAN 5039036006231,ANIMATION / COMEDY,,https://i.ebayimg.com/images/i/163474534145-0-1/s-l1600.jpg,,
5edfcc5f7f2fab1018313852,The Simpsons: Complete Season 5,The Simpsons: Complete Season 5,,,EAN 5039036019729,ANIMATION / COMEDY,,https://i.ebayimg.com/images/i/274370545360-0-1/s-l1600.jpg,,
5ee106257f2fa81788c3ea2a,The Sixth Sense,The Sixth Sense,1999,,UPC 717951004925,HORROR,,https://pisces.bbystatic.com/image2/BestBuy_US/images/products/3864/3864955_sa.jpg,,
5edfc93a7f2faa101806890f,The Sopranos Series 1 To 6,The Sopranos Series 1 To 6,,,EAN 5051892007290,DRAMA,,https://i.ebayimg.com/images/i/373057607124-0-1/s-l1600.jpg,,
5ee104a57f2fa81788c3e9ff,The Spy Who Loved Me ,The Spy Who Loved Me ,,,EAN 5050070002317,THRILLER / ADVENTURE,,https://i.ebayimg.com/images/i/383576989168-0-1/s-l1600.jpg,,
6783f0cc0aa2e81f18126743,The Suicide Squad,The Suicide Squad,,,5.05189E+12,SCI-FI,,image_url,,
6783efa30aa2e81f1812673a,The Thing,The Thing,,,5.05058E+12,SCI-FI,,image_url,,
5edfd18b7f2fab10183138cf,The Thorn Birds The Missing Years,The Thorn Birds The Missing Years,,,EAN 7321900715980,ROMANCE,,https://i.ebayimg.com/images/i/303135871653-0-1/s-l1600.jpg,,
5ee107e17f2fa81788c3ea64,The Time Machine ,The Time Machine ,2002,,EAN 7321900221917,SCI-FI,,https://i.ebayimg.com/images/i/392552789510-0-1/s-l1600.jpg,,
5ee108b47f2fa81788c3ea8c,The Twilight Saga ,The Twilight Saga ,,BLURAY,EAN 5030305515126,ROMANCE,,https://i.ebayimg.com/images/i/303095708981-0-1/s-l1600.jpg,,
5ee109127f2fa81788c3ea93,The Usual Suspects,The Usual Suspects,,,EAN 5050070007862,THRILLER / ADVENTURE,,https://i.ebayimg.com/images/i/303138811481-0-1/s-l1600.jpg,,
5edfccc87f2fab101831385a,The Vicar Of Dibley: Ultimate Collection,The Vicar Of Dibley: Ultimate Collection,2007,,EAN 5050582532029,COMEDY,,https://i.ebayimg.com/images/i/362941625032-0-1/s-l1600.jpg,,
5edfc78e7f2faa10180688ed,The Vow,The Vow,,,EAN 5051159163059,THRILLER / ADVENTURE,,https://i.ebayimg.com/images/i/383536687248-0-1/s-l1600.jpg,,
5ee10b367f2fa81788c3ead1,The Wolverine,The Wolverine,,BLURAY,EAN 5039036063470,SCI-FI,,http://img.bbystatic.com/BestBuy_US/images/products/nonsku/default_movies_l.jpg,,
5ee104ba7f2fa81788c3ea07,The World Is Not Enough,The World Is Not Enough,1999,,EAN 5050070002430,THRILLER / ADVENTURE,,https://i.ebayimg.com/images/i/223867721425-0-1/s-l1600.jpg,,
5edfcb947f2fab1018313842,The X Files First Season,The X Files First Season,,,EAN 5039036018241,SCI-FI,,https://i.ebayimg.com/images/i/153889363939-0-1/s-l1600.jpg,,
5ee108527f2fa81788c3ea7c,The X Files Movie,The X Files Movie,,,EAN 5039036000369,SCI-FI,,https://i.ebayimg.com/images/i/223974172309-0-1/s-l1600.jpg,,
5edfcef77f2fab1018313891,Theres Something About Mary,Theres Something About Mary,,,EAN 5039036000284,COMEDY,,https://i.ebayimg.com/images/i/324189084809-0-1/s-l1600.jpg,,
5edfcdeb7f2fab1018313877,This Is The End,This Is The End,,BLURAY,EAN 5051124193395,COMEDY,,http://img.bbystatic.com/BestBuy_US/images/products/nonsku/default_movies_l.jpg,,
5ee10b317f2fa81788c3eacf,Thor,Thor,2011,BLURAY,EAN 5051368222431,SCI-FI,,https://i.ebayimg.com/images/i/333324643545-0-1/s-l1600.jpg,,
5ee10b407f2fa81788c3ead6,Thor Ragnarok,Thor Ragnarok,,BLURAY,EAN 8717418521561,SCI-FI / FANTASY,,https://i.ebayimg.com/images/i/114244741101-0-1/s-l1600.jpg,,
5edfd18f7f2fab10183138d0,Thornbirds Original Forbidden Love ,Thornbirds Original Forbidden Love ,1983,,EAN 7321900316248,ROMANCE,,https://i.ebayimg.com/images/i/223843359668-0-1/s-l1600.jpg,,
5edfcf507f2fab10183138a0,Three Oclock High,Three Oclock High,,,EAN 5050582362640,COMEDY,,https://i.ebayimg.com/00/s/MzM3WDIzNQ==/z/MYoAAOSwB45anqns/$_0.JPG?set_id=8800005007,,
5ee104957f2fa81788c3e9f9,Thunderball,Thunderball,,,EAN 5050070002287,THRILLER / ADVENTURE,,https://i.ebayimg.com/images/i/133422797885-0-1/s-l1600.jpg,,
5edfc8417f2faa1018068903,Time Bandits,Time Bandits,,,5.02704E+12,SCI-FI,[],https://stiletto.ddns.net/MagnoliumApiCore/api/discs/covers/5027035010076.png?v=1789497628,manual,
5ee104b87f2fa81788c3ea06,Tomorrow Never Dies,Tomorrow Never Dies,,,EAN 5050070005257,THRILLER / ADVENTURE,,https://i.ebayimg.com/images/i/114205392230-0-1/s-l1600.jpg,,
5ee108597f2fa81788c3ea7e,Total Recall,Total Recall,,BLURAY,EAN 5051124329398,SCI-FI,,https://i.ebayimg.com/images/i/324107215763-0-1/s-l1600.jpg,,
6783f5060aa2e81f1812675f,Total Recall,Total Recall,2012,,5.05112E+12,SCI-FI,,image_url,,
5ee107fe7f2fa81788c3ea67,Total Recall ,Total Recall ,1990,,EAN 5060021171269,SCI-FI,,https://i.ebayimg.com/00/s/NTA1WDM1Nw==/z/DucAAOSwO4pabFNL/$_12.PNG?set_id=880000500F,,
5edfc82d7f2faa10180688ff,Toy Story 2,Toy Story 2,,,8.71742E+12,ANIMATION / COMEDY,[],https://stiletto.ddns.net/MagnoliumApiCore/api/discs/covers/8717418248055.png?v=1789497560,manual,
5ee1071d7f2fa81788c3ea50,Traffic,Traffic,,,EAN 5017239191077,THRILLER / ADVENTURE,,https://i.ebayimg.com/images/i/392824680868-0-1/s-l1600.jpg,,
5ee1079d7f2fa81788c3ea5f,Transcendence,Transcendence,,BLURAY,EAN 5017239152429,SCI-FI,,https://i.ebayimg.com/images/i/373070957703-0-1/s-l1600.jpg,,
5ee1094f7f2fa81788c3ea9a,Transformers 2 ,Transformers 2 ,,,EAN 5051188153335,SCI-FI,,https://i.ebayimg.com/images/i/324184928479-0-1/s-l1600.jpg,,
5ee10c1a7f2fa81788c3eaed,Tron,Tron,,BLURAY,EAN 8717418297879,SCI-FI,,https://i.ebayimg.com/images/i/324184957112-0-1/s-l1600.jpg,,
5ee10c1d7f2fa81788c3eaee,Twelve Monkeys,Twelve Monkeys,,BLURAY,EAN 5050582726077,SCI-FI,,https://i.ebayimg.com/images/i/373035714660-0-1/s-l1600.jpg,,
5ee107857f2fa81788c3ea57,Twister,Twister,,BLURAY,EAN 5050582708196,THRILLER / ADVENTURE,,https://i.ebayimg.com/images/i/362998366752-0-1/s-l1600.jpg,,
5ee1061e7f2fa81788c3ea29,Underworld & Underworld Evolution,Underworld & Underworld Evolution,,,EAN 5017239194047,HORROR,,https://i.ebayimg.com/images/i/123689846175-0-1/s-l1600.jpg,,
5ee108357f2fa81788c3ea7a,V For Vendetta,V For Vendetta,,,EAN 7321900824835,SCI-FI / FANTASY,,https://i.ebayimg.com/images/i/133430533995-0-1/s-l1600.jpg,,
5ee10f3f7f2fa81788c3eb24,Van Helsing,Van Helsing,,,EAN 5050582311358,SCI-FI,,https://i.ebayimg.com/images/i/373075356539-0-1/s-l1600.jpg,,
5ee10a9a7f2fa81788c3eab2,Venom,Venom,2018,BLURAY,EAN 5050629481822,SCI-FI,,https://i.ebayimg.com/images/i/133430534032-0-1/s-l1600.jpg,,
5ee1070e7f2fa81788c3ea4c,Vertical Limit ,Vertical Limit ,,,EAN 5035822044432,THRILLER / ADVENTURE,,https://i.ebayimg.com/images/i/373075357356-0-1/s-l1600.jpg,,
5ee104af7f2fa81788c3ea03,View To A Kill,View To A Kill,,,EAN 5050070004991,THRILLER / ADVENTURE,,https://i.ebayimg.com/images/i/114205392206-0-1/s-l1600.jpg,,
5ee10f397f2fa81788c3eb21,Village Of The Damned / Children Of The Damned,Village Of The Damned / Children Of The Damned,,,EAN 7321900669184,HORROR,,https://i.ebayimg.com/images/i/392825856481-0-1/s-l1600.jpg,,
5ee106e57f2fa81788c3ea41,Wallace & Gromit The Curse Of The Were-rabbit,Wallace & Gromit The Curse Of The Were-rabbit,,,EAN 5050583026121,ANIMATION / COMEDY,,https://i.ebayimg.com/images/i/143573130235-0-1/s-l1600.jpg,,
5ee106ef7f2fa81788c3ea44,Wall-E,Wall-E,,BLURAY,EAN 8717418178147,ANIMATION / COMEDY,,http://img.bbystatic.com/BestBuy_US/images/products/nonsku/default_movies_l.jpg,,
5edfcfea7f2fab10183138ab,Wanderlust,Wanderlust,,,EAN 5050582891232,COMEDY,,https://i.ebayimg.com/images/i/283897014214-0-1/s-l1600.jpg,,
5ee108967f2fa81788c3ea85,War For The Planet Of The Apes,War For The Planet Of The Apes,,BLURAY,EAN 5039036081870,SCI-FI,,https://i.ebayimg.com/images/i/392786998162-0-1/s-l1600.jpg,,
5ee108247f2fa81788c3ea73,War Of The Worlds,War Of The Worlds,,BLURAY,EAN 5051368216812,SCI-FI,,https://i.ebayimg.com/images/i/114249586993-0-1/s-l1600.jpg,,
6783f4b10aa2e81f1812675a,War of the Worlds,War of the Worlds,,,5.05137E+12,SCI-FI,,image_url,,
5ee110557f2fa81788c3eb42,Warcraft ,Warcraft ,,BLURAY,EAN 5053083079475,ANIMATION,,https://i.ebayimg.com/images/i/133426511685-0-1/s-l1600.jpg,,
678451a8e4085b038c32ce25,Warcraft: The Beginning,Warcraft: The Beginning,,,5.05308E+12,ANIMATION,,image_url,,
6449b0097f2fa82c80e63652,Warcraft: The Beginning ,Warcraft: The Beginning ,,,EAN 5053083079475,ANIMATION,,https://i.ebayimg.com/images/i/362502256223-0-1/s-l1600.jpg,,
5ee10f447f2fa81788c3eb26,Warlock,Warlock,,,UPC 031398684336,HORROR,,https://i5.walmartimages.com/asr/bc159009-40e1-4d12-8467-d9f262f80a56_1.698ad5cf222c25e294507abc6735b115.jpeg?odnHeight=450&odnWidth=450&odnBg=ffffff,,
5edfc6197f2faa10180688e9,Watchmen,Watchmen,,,5.05308E+12,SCI-FI,[],https://stiletto.ddns.net/MagnoliumApiCore/api/discs/covers/5053083201906.png?v=1789496362,manual,
5edfcec77f2fab101831388e,Wedding Crashers,Wedding Crashers,,,EAN 5017239193873,SCI-FI,,https://i.ebayimg.com/images/i/383576990532-0-1/s-l1600.jpg,,
5ee10fb67f2fa81788c3eb2e,Westworld,Westworld,,,EAN 7321900570145,SCI-FI,,https://i5.walmartimages.com/asr/53fb180a-4b16-4330-a3e1-a438f0129eca_1.4d4ebbd9d75eeeef44af88de094989c2.jpeg?odnHeight=450&odnWidth=450&odnBg=ffffff,,
5edfcbc87f2fab1018313845,When The Boat Comes In Complete Series,When The Boat Comes In Complete Series,,,EAN 5036193090974,DRAMA,,https://i.ebayimg.com/images/i/383033879123-0-1/s-l1600.jpg,,
5edfd1387f2fab10183138ca,While You Were Sleeping,While You Were Sleeping,,,EAN 7321901345087,ROMANCE,,https://i.ebayimg.com/images/i/123746794288-0-1/s-l1600.jpg,,
5ee10b3a7f2fa81788c3ead3,Wonder Woman,Wonder Woman,,BLURAY,EAN 5051892205559,SCI-FI,,https://i.ebayimg.com/images/i/373070997508-0-1/s-l1600.jpg,,
5edfc8537f2faa1018068904,World's End,World's End,,,5.05058E+12,COMEDY,[],https://stiletto.ddns.net/MagnoliumApiCore/api/discs/covers/5050582960938.png?v=1789497653,manual,
5edfd1957f2fab10183138d2,Wuthering Heights ,Wuthering Heights ,,,EAN 5014503213527,ROMANCE,,https://i.ebayimg.com/images/i/324189083112-0-1/s-l1600.jpg,,
5edfc7ed7f2faa10180688f7,X Men Dark Phoenix,X Men Dark Phoenix,,,EAN 5039036093088,SCI-FI,,https://i.ebayimg.com/images/i/114244662759-0-1/s-l1600.jpg,,
5ee10b467f2fa81788c3ead9,X-men,X-men,,BLURAY,EAN 5039036040853,SCI-FI,,https://i.ebayimg.com/images/i/293570319071-0-1/s-l1600.jpg,,
5ee10b567f2fa81788c3eadf,X-Men,X-Men,,,UPC 024543006404,SCI-FI,,https://i5.walmartimages.com/asr/daf4c114-b3b4-4edf-8304-e335f150425b_1.260e45fd3cdf80722fc84bd72ddbefc6.jpeg?odnHeight=450&odnWidth=450&odnBg=ffffff,,
5ee10f917f2fa81788c3eb29,X-men - Days Of Futu,X-men - Days Of Futu,,BLURAY,EAN 5039036065771,SCI-FI,,https://i.ebayimg.com/images/i/324184926963-0-1/s-l1600.jpg,,
5ee10b597f2fa81788c3eae0,X-men 2,X-men 2,2003,,EAN 5039036015011,SCI-FI,,https://i.ebayimg.com/images/i/264437277266-0-1/s-l1600.jpg,,
5ee10b507f2fa81788c3eadd,X-men Apocalypse,X-men Apocalypse,,BLURAY,EAN 5039036077699,SCI-FI,,https://i.ebayimg.com/images/i/324188879714-0-1/s-l1600.jpg,,
5ee10b387f2fa81788c3ead2,X-men Origins: Wolverine ,X-men Origins: Wolverine ,,BLURAY,EAN 5039036042154,SCI-FI,,https://i.ebayimg.com/images/i/163303115491-0-1/s-l1600.jpg,,
5ee10b487f2fa81788c3eada,X-men Trilogy,X-men Trilogy,,BLURAY,EAN 5039036061445,SCI-FI,,http://img.bbystatic.com/BestBuy_US/images/products/nonsku/default_movies_l.jpg,,
5edfc7fd7f2faa10180688f9,X-men: Dark Phoenix,X-men: Dark Phoenix,,,5.03904E+12,SCI-FI,[],https://i.ebayimg.com/images/i/283850825328-0-1/s-l1600.jpg,,
679d344fc168ce155c963bf5,X-men: Dark Phoenix,X-men: Dark Phoenix,,,5.03904E+12,SCI-FI,,image_url,,
5ee10b4e7f2fa81788c3eadc,X-men: First Class,X-men: First Class,,BLURAY,EAN 5039036048354,SCI-FI,,https://i.ebayimg.com/images/i/383339999134-0-1/s-l1600.jpg,,
5edfcf067f2fab1018313894,Yes Man ,Yes Man ,,,EAN 5051892004268,COMEDY,,https://i.ebayimg.com/images/i/383576990125-0-1/s-l1600.jpg,,
5ee104987f2fa81788c3e9fa,You Only Live Twice,You Only Live Twice,,,EAN 5050070002249,THRILLER / ADVENTURE,,https://i.ebayimg.com/images/i/373075356772-0-1/s-l1600.jpg,,
